epoch,model,dataset,seed,split_seed,layer,activation_entropy,train_loss,val_loss,train_accuracy,val_accuracy,val_generalization_gap,source_file
1,cnn,FashionMNIST,1,42,relu1,5.520746681731186,0.5727131441783905,0.398045642375946,0.7967,0.8566,-0.0599,cnn_FashionMNIST_seed1_entropy_history.csv
1,cnn,FashionMNIST,1,42,relu2,5.781640996682759,0.5727131441783905,0.398045642375946,0.7967,0.8566,-0.0599,cnn_FashionMNIST_seed1_entropy_history.csv
1,cnn,FashionMNIST,1,42,relu3,5.108229244348522,0.5727131441783905,0.398045642375946,0.7967,0.8566,-0.0599,cnn_FashionMNIST_seed1_entropy_history.csv
2,cnn,FashionMNIST,1,42,relu1,5.593590516949491,0.3501086305570602,0.3311721341609955,0.8748,0.8776,-0.0028,cnn_FashionMNIST_seed1_entropy_history.csv
2,cnn,FashionMNIST,1,42,relu2,4.780580989098084,0.3501086305570602,0.3311721341609955,0.8748,0.8776,-0.0028,cnn_FashionMNIST_seed1_entropy_history.csv
2,cnn,FashionMNIST,1,42,relu3,4.650973913223475,0.3501086305570602,0.3311721341609955,0.8748,0.8776,-0.0028,cnn_FashionMNIST_seed1_entropy_history.csv
3,cnn,FashionMNIST,1,42,relu1,5.58207629046699,0.2993679814434051,0.2964451876878738,0.89334,0.8901,0.00324,cnn_FashionMNIST_seed1_entropy_history.csv
3,cnn,FashionMNIST,1,42,relu2,4.805227854313686,0.2993679814434051,0.2964451876878738,0.89334,0.8901,0.00324,cnn_FashionMNIST_seed1_entropy_history.csv
3,cnn,FashionMNIST,1,42,relu3,4.602725101778121,0.2993679814434051,0.2964451876878738,0.89334,0.8901,0.00324,cnn_FashionMNIST_seed1_entropy_history.csv
4,cnn,FashionMNIST,1,42,relu1,5.499315701810112,0.2745104633331299,0.2841644126653671,0.90156,0.8952,0.00636,cnn_FashionMNIST_seed1_entropy_history.csv
4,cnn,FashionMNIST,1,42,relu2,4.481377646401645,0.2745104633331299,0.2841644126653671,0.90156,0.8952,0.00636,cnn_FashionMNIST_seed1_entropy_history.csv
4,cnn,FashionMNIST,1,42,relu3,4.345614873408381,0.2745104633331299,0.2841644126653671,0.90156,0.8952,0.00636,cnn_FashionMNIST_seed1_entropy_history.csv
5,cnn,FashionMNIST,1,42,relu1,5.580634752877812,0.2476684132003784,0.2621154238939285,0.9115,0.9033,0.0081999999999999,cnn_FashionMNIST_seed1_entropy_history.csv
5,cnn,FashionMNIST,1,42,relu2,4.180990987751538,0.2476684132003784,0.2621154238939285,0.9115,0.9033,0.0081999999999999,cnn_FashionMNIST_seed1_entropy_history.csv
5,cnn,FashionMNIST,1,42,relu3,4.284117810368512,0.2476684132003784,0.2621154238939285,0.9115,0.9033,0.0081999999999999,cnn_FashionMNIST_seed1_entropy_history.csv
6,cnn,FashionMNIST,1,42,relu1,5.4762634741675065,0.2259253581428527,0.2491258328795433,0.9175,0.9081,0.0093999999999999,cnn_FashionMNIST_seed1_entropy_history.csv
6,cnn,FashionMNIST,1,42,relu2,3.992554619913357,0.2259253581428527,0.2491258328795433,0.9175,0.9081,0.0093999999999999,cnn_FashionMNIST_seed1_entropy_history.csv
6,cnn,FashionMNIST,1,42,relu3,4.26519102760573,0.2259253581428527,0.2491258328795433,0.9175,0.9081,0.0093999999999999,cnn_FashionMNIST_seed1_entropy_history.csv
7,cnn,FashionMNIST,1,42,relu1,5.288076132995965,0.2128073066425323,0.2427314640641212,0.92344,0.911,0.01244,cnn_FashionMNIST_seed1_entropy_history.csv
7,cnn,FashionMNIST,1,42,relu2,4.014595104471026,0.2128073066425323,0.2427314640641212,0.92344,0.911,0.01244,cnn_FashionMNIST_seed1_entropy_history.csv
7,cnn,FashionMNIST,1,42,relu3,4.248178746774652,0.2128073066425323,0.2427314640641212,0.92344,0.911,0.01244,cnn_FashionMNIST_seed1_entropy_history.csv
8,cnn,FashionMNIST,1,42,relu1,5.383665036454768,0.1939878060150146,0.2558112096190452,0.92934,0.9077,0.0216400000000001,cnn_FashionMNIST_seed1_entropy_history.csv
8,cnn,FashionMNIST,1,42,relu2,3.610455903505382,0.1939878060150146,0.2558112096190452,0.92934,0.9077,0.0216400000000001,cnn_FashionMNIST_seed1_entropy_history.csv
8,cnn,FashionMNIST,1,42,relu3,4.000915473667391,0.1939878060150146,0.2558112096190452,0.92934,0.9077,0.0216400000000001,cnn_FashionMNIST_seed1_entropy_history.csv
9,cnn,FashionMNIST,1,42,relu1,5.1055280623228985,0.1824878611326217,0.2538671796679497,0.93318,0.9092,0.02398,cnn_FashionMNIST_seed1_entropy_history.csv
9,cnn,FashionMNIST,1,42,relu2,3.880940732441586,0.1824878611326217,0.2538671796679497,0.93318,0.9092,0.02398,cnn_FashionMNIST_seed1_entropy_history.csv
9,cnn,FashionMNIST,1,42,relu3,4.182263725053904,0.1824878611326217,0.2538671796679497,0.93318,0.9092,0.02398,cnn_FashionMNIST_seed1_entropy_history.csv
10,cnn,FashionMNIST,1,42,relu1,5.143866836861855,0.1679996959495544,0.2384557428240776,0.93902,0.9145,0.0245199999999999,cnn_FashionMNIST_seed1_entropy_history.csv
10,cnn,FashionMNIST,1,42,relu2,3.431372944834635,0.1679996959495544,0.2384557428240776,0.93902,0.9145,0.0245199999999999,cnn_FashionMNIST_seed1_entropy_history.csv
10,cnn,FashionMNIST,1,42,relu3,4.034962356245778,0.1679996959495544,0.2384557428240776,0.93902,0.9145,0.0245199999999999,cnn_FashionMNIST_seed1_entropy_history.csv
11,cnn,FashionMNIST,1,42,relu1,5.204990607259644,0.1572685356688499,0.2438324334621429,0.94206,0.911,0.0310599999999999,cnn_FashionMNIST_seed1_entropy_history.csv
11,cnn,FashionMNIST,1,42,relu2,3.481292266233673,0.1572685356688499,0.2438324334621429,0.94206,0.911,0.0310599999999999,cnn_FashionMNIST_seed1_entropy_history.csv
11,cnn,FashionMNIST,1,42,relu3,4.080700400313336,0.1572685356688499,0.2438324334621429,0.94206,0.911,0.0310599999999999,cnn_FashionMNIST_seed1_entropy_history.csv
12,cnn,FashionMNIST,1,42,relu1,5.148722826471914,0.1426597235393524,0.2317890727400779,0.9471,0.9167,0.0304,cnn_FashionMNIST_seed1_entropy_history.csv
12,cnn,FashionMNIST,1,42,relu2,3.281057716245785,0.1426597235393524,0.2317890727400779,0.9471,0.9167,0.0304,cnn_FashionMNIST_seed1_entropy_history.csv
12,cnn,FashionMNIST,1,42,relu3,3.794532383321908,0.1426597235393524,0.2317890727400779,0.9471,0.9167,0.0304,cnn_FashionMNIST_seed1_entropy_history.csv
13,cnn,FashionMNIST,1,42,relu1,4.933648826216878,0.1315137184286117,0.2386179903268814,0.95164,0.9189,0.0327399999999999,cnn_FashionMNIST_seed1_entropy_history.csv
13,cnn,FashionMNIST,1,42,relu2,3.2813892909218487,0.1315137184286117,0.2386179903268814,0.95164,0.9189,0.0327399999999999,cnn_FashionMNIST_seed1_entropy_history.csv
13,cnn,FashionMNIST,1,42,relu3,3.895823407026968,0.1315137184286117,0.2386179903268814,0.95164,0.9189,0.0327399999999999,cnn_FashionMNIST_seed1_entropy_history.csv
14,cnn,FashionMNIST,1,42,relu1,5.023828954936661,0.1208637749719619,0.238221091890335,0.95528,0.9153,0.03998,cnn_FashionMNIST_seed1_entropy_history.csv
14,cnn,FashionMNIST,1,42,relu2,3.132388271931298,0.1208637749719619,0.238221091890335,0.95528,0.9153,0.03998,cnn_FashionMNIST_seed1_entropy_history.csv
14,cnn,FashionMNIST,1,42,relu3,3.799294403663701,0.1208637749719619,0.238221091890335,0.95528,0.9153,0.03998,cnn_FashionMNIST_seed1_entropy_history.csv
15,cnn,FashionMNIST,1,42,relu1,5.036820478766555,0.1095196640801429,0.2542626712799072,0.95978,0.9106,0.04918,cnn_FashionMNIST_seed1_entropy_history.csv
15,cnn,FashionMNIST,1,42,relu2,3.040102462799535,0.1095196640801429,0.2542626712799072,0.95978,0.9106,0.04918,cnn_FashionMNIST_seed1_entropy_history.csv
15,cnn,FashionMNIST,1,42,relu3,3.7714820979811954,0.1095196640801429,0.2542626712799072,0.95978,0.9106,0.04918,cnn_FashionMNIST_seed1_entropy_history.csv
16,cnn,FashionMNIST,1,42,relu1,4.907999061526004,0.1007451579666137,0.2560030944705009,0.96346,0.9151,0.0483599999999999,cnn_FashionMNIST_seed1_entropy_history.csv
16,cnn,FashionMNIST,1,42,relu2,2.9657545206925664,0.1007451579666137,0.2560030944705009,0.96346,0.9151,0.0483599999999999,cnn_FashionMNIST_seed1_entropy_history.csv
16,cnn,FashionMNIST,1,42,relu3,3.819215576567725,0.1007451579666137,0.2560030944705009,0.96346,0.9151,0.0483599999999999,cnn_FashionMNIST_seed1_entropy_history.csv
17,cnn,FashionMNIST,1,42,relu1,4.789472803522613,0.0892152373838424,0.2628816682338714,0.96724,0.9129,0.0543399999999999,cnn_FashionMNIST_seed1_entropy_history.csv
17,cnn,FashionMNIST,1,42,relu2,3.0801427088194053,0.0892152373838424,0.2628816682338714,0.96724,0.9129,0.0543399999999999,cnn_FashionMNIST_seed1_entropy_history.csv
17,cnn,FashionMNIST,1,42,relu3,3.6766368482431577,0.0892152373838424,0.2628816682338714,0.96724,0.9129,0.0543399999999999,cnn_FashionMNIST_seed1_entropy_history.csv
18,cnn,FashionMNIST,1,42,relu1,4.903837832087429,0.0820927815985679,0.2862160643100738,0.97016,0.9122,0.05796,cnn_FashionMNIST_seed1_entropy_history.csv
18,cnn,FashionMNIST,1,42,relu2,3.019449185682861,0.0820927815985679,0.2862160643100738,0.97016,0.9122,0.05796,cnn_FashionMNIST_seed1_entropy_history.csv
18,cnn,FashionMNIST,1,42,relu3,3.77243972513367,0.0820927815985679,0.2862160643100738,0.97016,0.9122,0.05796,cnn_FashionMNIST_seed1_entropy_history.csv
19,cnn,FashionMNIST,1,42,relu1,4.920487448812551,0.0747888074231147,0.2965356187820434,0.9728,0.9118,0.0609999999999999,cnn_FashionMNIST_seed1_entropy_history.csv
19,cnn,FashionMNIST,1,42,relu2,2.950315154136339,0.0747888074231147,0.2965356187820434,0.9728,0.9118,0.0609999999999999,cnn_FashionMNIST_seed1_entropy_history.csv
19,cnn,FashionMNIST,1,42,relu3,3.768681767864416,0.0747888074231147,0.2965356187820434,0.9728,0.9118,0.0609999999999999,cnn_FashionMNIST_seed1_entropy_history.csv
20,cnn,FashionMNIST,1,42,relu1,4.989353161778273,0.0659195807147026,0.2966265411376953,0.97592,0.9146,0.06132,cnn_FashionMNIST_seed1_entropy_history.csv
20,cnn,FashionMNIST,1,42,relu2,2.9043749757681065,0.0659195807147026,0.2966265411376953,0.97592,0.9146,0.06132,cnn_FashionMNIST_seed1_entropy_history.csv
20,cnn,FashionMNIST,1,42,relu3,3.8514552516167777,0.0659195807147026,0.2966265411376953,0.97592,0.9146,0.06132,cnn_FashionMNIST_seed1_entropy_history.csv
21,cnn,FashionMNIST,1,42,relu1,4.8244993055714,0.0583441024053096,0.3055971950888633,0.97914,0.914,0.0651399999999999,cnn_FashionMNIST_seed1_entropy_history.csv
21,cnn,FashionMNIST,1,42,relu2,2.8863501820979587,0.0583441024053096,0.3055971950888633,0.97914,0.914,0.0651399999999999,cnn_FashionMNIST_seed1_entropy_history.csv
21,cnn,FashionMNIST,1,42,relu3,3.692793242710781,0.0583441024053096,0.3055971950888633,0.97914,0.914,0.0651399999999999,cnn_FashionMNIST_seed1_entropy_history.csv
22,cnn,FashionMNIST,1,42,relu1,4.875808255610151,0.0540760464560985,0.3298786312222481,0.98092,0.9149,0.0660199999999999,cnn_FashionMNIST_seed1_entropy_history.csv
22,cnn,FashionMNIST,1,42,relu2,2.687694845751865,0.0540760464560985,0.3298786312222481,0.98092,0.9149,0.0660199999999999,cnn_FashionMNIST_seed1_entropy_history.csv
22,cnn,FashionMNIST,1,42,relu3,3.836006301698703,0.0540760464560985,0.3298786312222481,0.98092,0.9149,0.0660199999999999,cnn_FashionMNIST_seed1_entropy_history.csv
23,cnn,FashionMNIST,1,42,relu1,4.781131018826279,0.0476584044086933,0.3154122024536133,0.98238,0.917,0.06538,cnn_FashionMNIST_seed1_entropy_history.csv
23,cnn,FashionMNIST,1,42,relu2,2.8779217548964127,0.0476584044086933,0.3154122024536133,0.98238,0.917,0.06538,cnn_FashionMNIST_seed1_entropy_history.csv
23,cnn,FashionMNIST,1,42,relu3,3.697326614204728,0.0476584044086933,0.3154122024536133,0.98238,0.917,0.06538,cnn_FashionMNIST_seed1_entropy_history.csv
24,cnn,FashionMNIST,1,42,relu1,4.827195183280328,0.0427853368031978,0.3681014273881912,0.98486,0.9083,0.0765599999999999,cnn_FashionMNIST_seed1_entropy_history.csv
24,cnn,FashionMNIST,1,42,relu2,2.8348663526282243,0.0427853368031978,0.3681014273881912,0.98486,0.9083,0.0765599999999999,cnn_FashionMNIST_seed1_entropy_history.csv
24,cnn,FashionMNIST,1,42,relu3,3.7599370201717743,0.0427853368031978,0.3681014273881912,0.98486,0.9083,0.0765599999999999,cnn_FashionMNIST_seed1_entropy_history.csv
25,cnn,FashionMNIST,1,42,relu1,4.805610204676994,0.0409461135959625,0.3642427151679993,0.98586,0.9119,0.0739599999999999,cnn_FashionMNIST_seed1_entropy_history.csv
25,cnn,FashionMNIST,1,42,relu2,2.842717139788042,0.0409461135959625,0.3642427151679993,0.98586,0.9119,0.0739599999999999,cnn_FashionMNIST_seed1_entropy_history.csv
25,cnn,FashionMNIST,1,42,relu3,3.673670363309844,0.0409461135959625,0.3642427151679993,0.98586,0.9119,0.0739599999999999,cnn_FashionMNIST_seed1_entropy_history.csv
26,cnn,FashionMNIST,1,42,relu1,4.800349419565284,0.0371924538481235,0.3581857459068298,0.98668,0.9142,0.0724799999999999,cnn_FashionMNIST_seed1_entropy_history.csv
26,cnn,FashionMNIST,1,42,relu2,2.6721579033335896,0.0371924538481235,0.3581857459068298,0.98668,0.9142,0.0724799999999999,cnn_FashionMNIST_seed1_entropy_history.csv
26,cnn,FashionMNIST,1,42,relu3,3.620216690889404,0.0371924538481235,0.3581857459068298,0.98668,0.9142,0.0724799999999999,cnn_FashionMNIST_seed1_entropy_history.csv
27,cnn,FashionMNIST,1,42,relu1,4.841793239501389,0.0322938987064361,0.3780887624263763,0.98814,0.917,0.0711399999999999,cnn_FashionMNIST_seed1_entropy_history.csv
27,cnn,FashionMNIST,1,42,relu2,2.712248843764657,0.0322938987064361,0.3780887624263763,0.98814,0.917,0.0711399999999999,cnn_FashionMNIST_seed1_entropy_history.csv
27,cnn,FashionMNIST,1,42,relu3,3.773701207322814,0.0322938987064361,0.3780887624263763,0.98814,0.917,0.0711399999999999,cnn_FashionMNIST_seed1_entropy_history.csv
28,cnn,FashionMNIST,1,42,relu1,4.832415604235377,0.0293807110846042,0.416277158498764,0.9897,0.9155,0.0742,cnn_FashionMNIST_seed1_entropy_history.csv
28,cnn,FashionMNIST,1,42,relu2,2.7383606883809093,0.0293807110846042,0.416277158498764,0.9897,0.9155,0.0742,cnn_FashionMNIST_seed1_entropy_history.csv
28,cnn,FashionMNIST,1,42,relu3,3.7394724769750782,0.0293807110846042,0.416277158498764,0.9897,0.9155,0.0742,cnn_FashionMNIST_seed1_entropy_history.csv
29,cnn,FashionMNIST,1,42,relu1,4.808664239001132,0.0263812341034412,0.4186871397972107,0.99108,0.9153,0.0757799999999999,cnn_FashionMNIST_seed1_entropy_history.csv
29,cnn,FashionMNIST,1,42,relu2,2.760148597745089,0.0263812341034412,0.4186871397972107,0.99108,0.9153,0.0757799999999999,cnn_FashionMNIST_seed1_entropy_history.csv
29,cnn,FashionMNIST,1,42,relu3,3.6587489189153306,0.0263812341034412,0.4186871397972107,0.99108,0.9153,0.0757799999999999,cnn_FashionMNIST_seed1_entropy_history.csv
30,cnn,FashionMNIST,1,42,relu1,4.755227554029672,0.0220054011476039,0.4099649992465973,0.99276,0.9156,0.07716,cnn_FashionMNIST_seed1_entropy_history.csv
30,cnn,FashionMNIST,1,42,relu2,2.7046128806546417,0.0220054011476039,0.4099649992465973,0.99276,0.9156,0.07716,cnn_FashionMNIST_seed1_entropy_history.csv
30,cnn,FashionMNIST,1,42,relu3,3.6066007828153466,0.0220054011476039,0.4099649992465973,0.99276,0.9156,0.07716,cnn_FashionMNIST_seed1_entropy_history.csv
1,cnn,FashionMNIST,2,42,relu1,5.5184823064183455,0.5625564045143128,0.3771555331707,0.80076,0.8642,-0.0634399999999999,cnn_FashionMNIST_seed2_entropy_history.csv
1,cnn,FashionMNIST,2,42,relu2,5.730333016423845,0.5625564045143128,0.3771555331707,0.80076,0.8642,-0.0634399999999999,cnn_FashionMNIST_seed2_entropy_history.csv
1,cnn,FashionMNIST,2,42,relu3,4.606756296304445,0.5625564045143128,0.3771555331707,0.80076,0.8642,-0.0634399999999999,cnn_FashionMNIST_seed2_entropy_history.csv
2,cnn,FashionMNIST,2,42,relu1,5.600030396007987,0.3534789606285095,0.324989350605011,0.87398,0.8798,-0.00582,cnn_FashionMNIST_seed2_entropy_history.csv
2,cnn,FashionMNIST,2,42,relu2,5.428896746482573,0.3534789606285095,0.324989350605011,0.87398,0.8798,-0.00582,cnn_FashionMNIST_seed2_entropy_history.csv
2,cnn,FashionMNIST,2,42,relu3,4.329455394911896,0.3534789606285095,0.324989350605011,0.87398,0.8798,-0.00582,cnn_FashionMNIST_seed2_entropy_history.csv
3,cnn,FashionMNIST,2,42,relu1,5.416611820141741,0.3025768769073486,0.2852331652879715,0.89244,0.8948,-0.00236,cnn_FashionMNIST_seed2_entropy_history.csv
3,cnn,FashionMNIST,2,42,relu2,4.79182189440828,0.3025768769073486,0.2852331652879715,0.89244,0.8948,-0.00236,cnn_FashionMNIST_seed2_entropy_history.csv
3,cnn,FashionMNIST,2,42,relu3,4.164836975961086,0.3025768769073486,0.2852331652879715,0.89244,0.8948,-0.00236,cnn_FashionMNIST_seed2_entropy_history.csv
4,cnn,FashionMNIST,2,42,relu1,5.514701001749523,0.2705348692512512,0.2740797351360321,0.90266,0.9001,0.00256,cnn_FashionMNIST_seed2_entropy_history.csv
4,cnn,FashionMNIST,2,42,relu2,4.7198051948901325,0.2705348692512512,0.2740797351360321,0.90266,0.9001,0.00256,cnn_FashionMNIST_seed2_entropy_history.csv
4,cnn,FashionMNIST,2,42,relu3,4.055802823512935,0.2705348692512512,0.2740797351360321,0.90266,0.9001,0.00256,cnn_FashionMNIST_seed2_entropy_history.csv
5,cnn,FashionMNIST,2,42,relu1,5.495587341116647,0.2475232491970062,0.2496632910370826,0.91,0.9104,-0.0003999999999999,cnn_FashionMNIST_seed2_entropy_history.csv
5,cnn,FashionMNIST,2,42,relu2,4.100660428236602,0.2475232491970062,0.2496632910370826,0.91,0.9104,-0.0003999999999999,cnn_FashionMNIST_seed2_entropy_history.csv
5,cnn,FashionMNIST,2,42,relu3,3.877500100170144,0.2475232491970062,0.2496632910370826,0.91,0.9104,-0.0003999999999999,cnn_FashionMNIST_seed2_entropy_history.csv
6,cnn,FashionMNIST,2,42,relu1,5.242378700422606,0.2284136971759796,0.2544323746442795,0.91696,0.9071,0.0098599999999999,cnn_FashionMNIST_seed2_entropy_history.csv
6,cnn,FashionMNIST,2,42,relu2,3.872394156373334,0.2284136971759796,0.2544323746442795,0.91696,0.9071,0.0098599999999999,cnn_FashionMNIST_seed2_entropy_history.csv
6,cnn,FashionMNIST,2,42,relu3,3.7536226008659113,0.2284136971759796,0.2544323746442795,0.91696,0.9071,0.0098599999999999,cnn_FashionMNIST_seed2_entropy_history.csv
7,cnn,FashionMNIST,2,42,relu1,5.235468566361273,0.2114289506673813,0.2434714802861213,0.92304,0.9104,0.0126399999999999,cnn_FashionMNIST_seed2_entropy_history.csv
7,cnn,FashionMNIST,2,42,relu2,4.062497350468084,0.2114289506673813,0.2434714802861213,0.92304,0.9104,0.0126399999999999,cnn_FashionMNIST_seed2_entropy_history.csv
7,cnn,FashionMNIST,2,42,relu3,3.801883469890566,0.2114289506673813,0.2434714802861213,0.92304,0.9104,0.0126399999999999,cnn_FashionMNIST_seed2_entropy_history.csv
8,cnn,FashionMNIST,2,42,relu1,5.217516418659345,0.1979122778081894,0.2395308341026306,0.9277,0.9113,0.0163999999999999,cnn_FashionMNIST_seed2_entropy_history.csv
8,cnn,FashionMNIST,2,42,relu2,3.7369755904388895,0.1979122778081894,0.2395308341026306,0.9277,0.9113,0.0163999999999999,cnn_FashionMNIST_seed2_entropy_history.csv
8,cnn,FashionMNIST,2,42,relu3,3.6512684020912456,0.1979122778081894,0.2395308341026306,0.9277,0.9113,0.0163999999999999,cnn_FashionMNIST_seed2_entropy_history.csv
9,cnn,FashionMNIST,2,42,relu1,5.325531160789732,0.1834760186815262,0.2349993736863136,0.9326,0.9162,0.0163999999999999,cnn_FashionMNIST_seed2_entropy_history.csv
9,cnn,FashionMNIST,2,42,relu2,3.8658181837783983,0.1834760186815262,0.2349993736863136,0.9326,0.9162,0.0163999999999999,cnn_FashionMNIST_seed2_entropy_history.csv
9,cnn,FashionMNIST,2,42,relu3,3.72583026036146,0.1834760186815262,0.2349993736863136,0.9326,0.9162,0.0163999999999999,cnn_FashionMNIST_seed2_entropy_history.csv
10,cnn,FashionMNIST,2,42,relu1,5.14775532654462,0.1723832414197921,0.2416680229902267,0.93642,0.912,0.0244199999999999,cnn_FashionMNIST_seed2_entropy_history.csv
10,cnn,FashionMNIST,2,42,relu2,3.522671814792988,0.1723832414197921,0.2416680229902267,0.93642,0.912,0.0244199999999999,cnn_FashionMNIST_seed2_entropy_history.csv
10,cnn,FashionMNIST,2,42,relu3,3.7396258206149056,0.1723832414197921,0.2416680229902267,0.93642,0.912,0.0244199999999999,cnn_FashionMNIST_seed2_entropy_history.csv
11,cnn,FashionMNIST,2,42,relu1,5.113918459463114,0.1617789619779586,0.2313094425559043,0.94106,0.9187,0.02236,cnn_FashionMNIST_seed2_entropy_history.csv
11,cnn,FashionMNIST,2,42,relu2,3.622654805037424,0.1617789619779586,0.2313094425559043,0.94106,0.9187,0.02236,cnn_FashionMNIST_seed2_entropy_history.csv
11,cnn,FashionMNIST,2,42,relu3,3.633407756550696,0.1617789619779586,0.2313094425559043,0.94106,0.9187,0.02236,cnn_FashionMNIST_seed2_entropy_history.csv
12,cnn,FashionMNIST,2,42,relu1,5.363729240255924,0.1503662507581711,0.232554259109497,0.9439,0.9147,0.0292,cnn_FashionMNIST_seed2_entropy_history.csv
12,cnn,FashionMNIST,2,42,relu2,3.2560522752404166,0.1503662507581711,0.232554259109497,0.9439,0.9147,0.0292,cnn_FashionMNIST_seed2_entropy_history.csv
12,cnn,FashionMNIST,2,42,relu3,3.4836683703247897,0.1503662507581711,0.232554259109497,0.9439,0.9147,0.0292,cnn_FashionMNIST_seed2_entropy_history.csv
13,cnn,FashionMNIST,2,42,relu1,4.9991226029047855,0.1387189616584777,0.2322697596549987,0.94934,0.9173,0.0320399999999999,cnn_FashionMNIST_seed2_entropy_history.csv
13,cnn,FashionMNIST,2,42,relu2,3.154148912317972,0.1387189616584777,0.2322697596549987,0.94934,0.9173,0.0320399999999999,cnn_FashionMNIST_seed2_entropy_history.csv
13,cnn,FashionMNIST,2,42,relu3,3.512766548151117,0.1387189616584777,0.2322697596549987,0.94934,0.9173,0.0320399999999999,cnn_FashionMNIST_seed2_entropy_history.csv
14,cnn,FashionMNIST,2,42,relu1,5.096677052716397,0.1272922321724891,0.2434117271065712,0.95316,0.9118,0.0413599999999999,cnn_FashionMNIST_seed2_entropy_history.csv
14,cnn,FashionMNIST,2,42,relu2,3.1600891308120618,0.1272922321724891,0.2434117271065712,0.95316,0.9118,0.0413599999999999,cnn_FashionMNIST_seed2_entropy_history.csv
14,cnn,FashionMNIST,2,42,relu3,3.5210252018259296,0.1272922321724891,0.2434117271065712,0.95316,0.9118,0.0413599999999999,cnn_FashionMNIST_seed2_entropy_history.csv
15,cnn,FashionMNIST,2,42,relu1,5.013401649847099,0.1199850162220001,0.2498875923633575,0.95544,0.9147,0.04074,cnn_FashionMNIST_seed2_entropy_history.csv
15,cnn,FashionMNIST,2,42,relu2,3.23596693533264,0.1199850162220001,0.2498875923633575,0.95544,0.9147,0.04074,cnn_FashionMNIST_seed2_entropy_history.csv
15,cnn,FashionMNIST,2,42,relu3,3.556206494440229,0.1199850162220001,0.2498875923633575,0.95544,0.9147,0.04074,cnn_FashionMNIST_seed2_entropy_history.csv
16,cnn,FashionMNIST,2,42,relu1,4.995974433073826,0.108231755785942,0.2618716893672943,0.96004,0.9112,0.0488399999999999,cnn_FashionMNIST_seed2_entropy_history.csv
16,cnn,FashionMNIST,2,42,relu2,3.228853615660303,0.108231755785942,0.2618716893672943,0.96004,0.9112,0.0488399999999999,cnn_FashionMNIST_seed2_entropy_history.csv
16,cnn,FashionMNIST,2,42,relu3,3.515558133577198,0.108231755785942,0.2618716893672943,0.96004,0.9112,0.0488399999999999,cnn_FashionMNIST_seed2_entropy_history.csv
17,cnn,FashionMNIST,2,42,relu1,5.005352756033493,0.0999524484634399,0.2487680752515793,0.96284,0.9161,0.04674,cnn_FashionMNIST_seed2_entropy_history.csv
17,cnn,FashionMNIST,2,42,relu2,3.0654069477272645,0.0999524484634399,0.2487680752515793,0.96284,0.9161,0.04674,cnn_FashionMNIST_seed2_entropy_history.csv
17,cnn,FashionMNIST,2,42,relu3,3.475320475601138,0.0999524484634399,0.2487680752515793,0.96284,0.9161,0.04674,cnn_FashionMNIST_seed2_entropy_history.csv
18,cnn,FashionMNIST,2,42,relu1,5.006709891639401,0.0900998067951202,0.2670782855510711,0.96704,0.9142,0.05284,cnn_FashionMNIST_seed2_entropy_history.csv
18,cnn,FashionMNIST,2,42,relu2,3.06717589029564,0.0900998067951202,0.2670782855510711,0.96704,0.9142,0.05284,cnn_FashionMNIST_seed2_entropy_history.csv
18,cnn,FashionMNIST,2,42,relu3,3.4917652288539283,0.0900998067951202,0.2670782855510711,0.96704,0.9142,0.05284,cnn_FashionMNIST_seed2_entropy_history.csv
19,cnn,FashionMNIST,2,42,relu1,4.980743532654265,0.0828673404097557,0.2780337945818901,0.96942,0.9118,0.0576199999999998,cnn_FashionMNIST_seed2_entropy_history.csv
19,cnn,FashionMNIST,2,42,relu2,3.102447638491153,0.0828673404097557,0.2780337945818901,0.96942,0.9118,0.0576199999999998,cnn_FashionMNIST_seed2_entropy_history.csv
19,cnn,FashionMNIST,2,42,relu3,3.454048399317466,0.0828673404097557,0.2780337945818901,0.96942,0.9118,0.0576199999999998,cnn_FashionMNIST_seed2_entropy_history.csv
20,cnn,FashionMNIST,2,42,relu1,4.982413493570391,0.0742763815712928,0.2847855224490165,0.9721,0.9133,0.0587999999999999,cnn_FashionMNIST_seed2_entropy_history.csv
20,cnn,FashionMNIST,2,42,relu2,2.891330521293118,0.0742763815712928,0.2847855224490165,0.9721,0.9133,0.0587999999999999,cnn_FashionMNIST_seed2_entropy_history.csv
20,cnn,FashionMNIST,2,42,relu3,3.485477598332197,0.0742763815712928,0.2847855224490165,0.9721,0.9133,0.0587999999999999,cnn_FashionMNIST_seed2_entropy_history.csv
21,cnn,FashionMNIST,2,42,relu1,5.015620056630168,0.0692628356742858,0.2872666988134384,0.97438,0.9144,0.05998,cnn_FashionMNIST_seed2_entropy_history.csv
21,cnn,FashionMNIST,2,42,relu2,2.780950289642826,0.0692628356742858,0.2872666988134384,0.97438,0.9144,0.05998,cnn_FashionMNIST_seed2_entropy_history.csv
21,cnn,FashionMNIST,2,42,relu3,3.453490135394947,0.0692628356742858,0.2872666988134384,0.97438,0.9144,0.05998,cnn_FashionMNIST_seed2_entropy_history.csv
22,cnn,FashionMNIST,2,42,relu1,4.949070886055103,0.0634417278480529,0.3193905076026916,0.97614,0.911,0.0651399999999999,cnn_FashionMNIST_seed2_entropy_history.csv
22,cnn,FashionMNIST,2,42,relu2,2.8495840332363795,0.0634417278480529,0.3193905076026916,0.97614,0.911,0.0651399999999999,cnn_FashionMNIST_seed2_entropy_history.csv
22,cnn,FashionMNIST,2,42,relu3,3.5111700548421694,0.0634417278480529,0.3193905076026916,0.97614,0.911,0.0651399999999999,cnn_FashionMNIST_seed2_entropy_history.csv
23,cnn,FashionMNIST,2,42,relu1,5.069829547602291,0.0574695944201946,0.3090198097348213,0.97914,0.9127,0.06644,cnn_FashionMNIST_seed2_entropy_history.csv
23,cnn,FashionMNIST,2,42,relu2,2.8021238520745344,0.0574695944201946,0.3090198097348213,0.97914,0.9127,0.06644,cnn_FashionMNIST_seed2_entropy_history.csv
23,cnn,FashionMNIST,2,42,relu3,3.3902039573464995,0.0574695944201946,0.3090198097348213,0.97914,0.9127,0.06644,cnn_FashionMNIST_seed2_entropy_history.csv
24,cnn,FashionMNIST,2,42,relu1,5.079706488022906,0.0497255272173881,0.335952607524395,0.98274,0.9114,0.0713399999999999,cnn_FashionMNIST_seed2_entropy_history.csv
24,cnn,FashionMNIST,2,42,relu2,2.8169984033037343,0.0497255272173881,0.335952607524395,0.98274,0.9114,0.0713399999999999,cnn_FashionMNIST_seed2_entropy_history.csv
24,cnn,FashionMNIST,2,42,relu3,3.372661103198185,0.0497255272173881,0.335952607524395,0.98274,0.9114,0.0713399999999999,cnn_FashionMNIST_seed2_entropy_history.csv
25,cnn,FashionMNIST,2,42,relu1,4.882421912153781,0.0491344395303726,0.3362464131712913,0.98224,0.9137,0.06854,cnn_FashionMNIST_seed2_entropy_history.csv
25,cnn,FashionMNIST,2,42,relu2,2.888633361462223,0.0491344395303726,0.3362464131712913,0.98224,0.9137,0.06854,cnn_FashionMNIST_seed2_entropy_history.csv
25,cnn,FashionMNIST,2,42,relu3,3.427232741990518,0.0491344395303726,0.3362464131712913,0.98224,0.9137,0.06854,cnn_FashionMNIST_seed2_entropy_history.csv
26,cnn,FashionMNIST,2,42,relu1,5.133129231871262,0.0409422036862373,0.356115111374855,0.98546,0.9123,0.07316,cnn_FashionMNIST_seed2_entropy_history.csv
26,cnn,FashionMNIST,2,42,relu2,2.6639979166588112,0.0409422036862373,0.356115111374855,0.98546,0.9123,0.07316,cnn_FashionMNIST_seed2_entropy_history.csv
26,cnn,FashionMNIST,2,42,relu3,3.39673849426047,0.0409422036862373,0.356115111374855,0.98546,0.9123,0.07316,cnn_FashionMNIST_seed2_entropy_history.csv
27,cnn,FashionMNIST,2,42,relu1,4.970184521485252,0.0399528071331977,0.3681517655611038,0.98592,0.9127,0.07322,cnn_FashionMNIST_seed2_entropy_history.csv
27,cnn,FashionMNIST,2,42,relu2,2.7165491097515835,0.0399528071331977,0.3681517655611038,0.98592,0.9127,0.07322,cnn_FashionMNIST_seed2_entropy_history.csv
27,cnn,FashionMNIST,2,42,relu3,3.370558902503815,0.0399528071331977,0.3681517655611038,0.98592,0.9127,0.07322,cnn_FashionMNIST_seed2_entropy_history.csv
28,cnn,FashionMNIST,2,42,relu1,4.903357018101438,0.0351160490131378,0.406982377564907,0.98786,0.9131,0.0747599999999999,cnn_FashionMNIST_seed2_entropy_history.csv
28,cnn,FashionMNIST,2,42,relu2,2.852610779517097,0.0351160490131378,0.406982377564907,0.98786,0.9131,0.0747599999999999,cnn_FashionMNIST_seed2_entropy_history.csv
28,cnn,FashionMNIST,2,42,relu3,3.449375812548322,0.0351160490131378,0.406982377564907,0.98786,0.9131,0.0747599999999999,cnn_FashionMNIST_seed2_entropy_history.csv
29,cnn,FashionMNIST,2,42,relu1,4.900287833350592,0.03125994063735,0.4007464209794998,0.98904,0.9118,0.0772399999999999,cnn_FashionMNIST_seed2_entropy_history.csv
29,cnn,FashionMNIST,2,42,relu2,2.7017426905618205,0.03125994063735,0.4007464209794998,0.98904,0.9118,0.0772399999999999,cnn_FashionMNIST_seed2_entropy_history.csv
29,cnn,FashionMNIST,2,42,relu3,3.477292347433676,0.03125994063735,0.4007464209794998,0.98904,0.9118,0.0772399999999999,cnn_FashionMNIST_seed2_entropy_history.csv
30,cnn,FashionMNIST,2,42,relu1,4.875206825152611,0.0245003422957658,0.4430573727726936,0.99196,0.9095,0.0824599999999999,cnn_FashionMNIST_seed2_entropy_history.csv
30,cnn,FashionMNIST,2,42,relu2,2.790091952061554,0.0245003422957658,0.4430573727726936,0.99196,0.9095,0.0824599999999999,cnn_FashionMNIST_seed2_entropy_history.csv
30,cnn,FashionMNIST,2,42,relu3,3.4406161492199905,0.0245003422957658,0.4430573727726936,0.99196,0.9095,0.0824599999999999,cnn_FashionMNIST_seed2_entropy_history.csv
1,cnn,FashionMNIST,3,42,relu1,5.904728209458704,0.5620086165714264,0.386554808473587,0.80062,0.86,-0.0593799999999999,cnn_FashionMNIST_seed3_entropy_history.csv
1,cnn,FashionMNIST,3,42,relu2,5.863402449356277,0.5620086165714264,0.386554808473587,0.80062,0.86,-0.0593799999999999,cnn_FashionMNIST_seed3_entropy_history.csv
1,cnn,FashionMNIST,3,42,relu3,4.766129073884787,0.5620086165714264,0.386554808473587,0.80062,0.86,-0.0593799999999999,cnn_FashionMNIST_seed3_entropy_history.csv
2,cnn,FashionMNIST,3,42,relu1,5.8935046987969,0.3611762825107574,0.3276607989311218,0.86982,0.8785,-0.0086799999999999,cnn_FashionMNIST_seed3_entropy_history.csv
2,cnn,FashionMNIST,3,42,relu2,5.215916758020038,0.3611762825107574,0.3276607989311218,0.86982,0.8785,-0.0086799999999999,cnn_FashionMNIST_seed3_entropy_history.csv
2,cnn,FashionMNIST,3,42,relu3,4.459593695172195,0.3611762825107574,0.3276607989311218,0.86982,0.8785,-0.0086799999999999,cnn_FashionMNIST_seed3_entropy_history.csv
3,cnn,FashionMNIST,3,42,relu1,5.807851204671659,0.3141703347444534,0.3026336448907852,0.88624,0.8869,-0.0006599999999999,cnn_FashionMNIST_seed3_entropy_history.csv
3,cnn,FashionMNIST,3,42,relu2,5.167943759950597,0.3141703347444534,0.3026336448907852,0.88624,0.8869,-0.0006599999999999,cnn_FashionMNIST_seed3_entropy_history.csv
3,cnn,FashionMNIST,3,42,relu3,4.461942684328735,0.3141703347444534,0.3026336448907852,0.88624,0.8869,-0.0006599999999999,cnn_FashionMNIST_seed3_entropy_history.csv
4,cnn,FashionMNIST,3,42,relu1,5.631585836838691,0.2829587188005447,0.2902287328362465,0.89744,0.8919,0.0055399999999999,cnn_FashionMNIST_seed3_entropy_history.csv
4,cnn,FashionMNIST,3,42,relu2,4.745749934157698,0.2829587188005447,0.2902287328362465,0.89744,0.8919,0.0055399999999999,cnn_FashionMNIST_seed3_entropy_history.csv
4,cnn,FashionMNIST,3,42,relu3,4.208131172111391,0.2829587188005447,0.2902287328362465,0.89744,0.8919,0.0055399999999999,cnn_FashionMNIST_seed3_entropy_history.csv
5,cnn,FashionMNIST,3,42,relu1,5.607827315438996,0.2618759206390381,0.2667703462600708,0.9051,0.9015,0.0036,cnn_FashionMNIST_seed3_entropy_history.csv
5,cnn,FashionMNIST,3,42,relu2,4.524053389352439,0.2618759206390381,0.2667703462600708,0.9051,0.9015,0.0036,cnn_FashionMNIST_seed3_entropy_history.csv
5,cnn,FashionMNIST,3,42,relu3,4.056251811899347,0.2618759206390381,0.2667703462600708,0.9051,0.9015,0.0036,cnn_FashionMNIST_seed3_entropy_history.csv
6,cnn,FashionMNIST,3,42,relu1,5.670574339525278,0.2407767776966095,0.2540427635788918,0.91228,0.9046,0.00768,cnn_FashionMNIST_seed3_entropy_history.csv
6,cnn,FashionMNIST,3,42,relu2,4.287647770651033,0.2407767776966095,0.2540427635788918,0.91228,0.9046,0.00768,cnn_FashionMNIST_seed3_entropy_history.csv
6,cnn,FashionMNIST,3,42,relu3,3.9521573084470263,0.2407767776966095,0.2540427635788918,0.91228,0.9046,0.00768,cnn_FashionMNIST_seed3_entropy_history.csv
7,cnn,FashionMNIST,3,42,relu1,5.523348792702934,0.2237524205684662,0.2792137287020683,0.91778,0.8961,0.02168,cnn_FashionMNIST_seed3_entropy_history.csv
7,cnn,FashionMNIST,3,42,relu2,3.9050762980052336,0.2237524205684662,0.2792137287020683,0.91778,0.8961,0.02168,cnn_FashionMNIST_seed3_entropy_history.csv
7,cnn,FashionMNIST,3,42,relu3,3.9428961353706895,0.2237524205684662,0.2792137287020683,0.91778,0.8961,0.02168,cnn_FashionMNIST_seed3_entropy_history.csv
8,cnn,FashionMNIST,3,42,relu1,5.36848046514329,0.2114825012636184,0.2563771292686462,0.92208,0.9037,0.01838,cnn_FashionMNIST_seed3_entropy_history.csv
8,cnn,FashionMNIST,3,42,relu2,3.855801492776272,0.2114825012636184,0.2563771292686462,0.92208,0.9037,0.01838,cnn_FashionMNIST_seed3_entropy_history.csv
8,cnn,FashionMNIST,3,42,relu3,3.804396659866612,0.2114825012636184,0.2563771292686462,0.92208,0.9037,0.01838,cnn_FashionMNIST_seed3_entropy_history.csv
9,cnn,FashionMNIST,3,42,relu1,5.252585641350498,0.1952595057821274,0.2544108106613159,0.92824,0.9051,0.0231399999999999,cnn_FashionMNIST_seed3_entropy_history.csv
9,cnn,FashionMNIST,3,42,relu2,3.677561206152519,0.1952595057821274,0.2544108106613159,0.92824,0.9051,0.0231399999999999,cnn_FashionMNIST_seed3_entropy_history.csv
9,cnn,FashionMNIST,3,42,relu3,3.8626270413420514,0.1952595057821274,0.2544108106613159,0.92824,0.9051,0.0231399999999999,cnn_FashionMNIST_seed3_entropy_history.csv
10,cnn,FashionMNIST,3,42,relu1,5.416117798539555,0.1841671512126922,0.2365378752112388,0.93158,0.9142,0.0173799999999999,cnn_FashionMNIST_seed3_entropy_history.csv
10,cnn,FashionMNIST,3,42,relu2,3.5755173541006777,0.1841671512126922,0.2365378752112388,0.93158,0.9142,0.0173799999999999,cnn_FashionMNIST_seed3_entropy_history.csv
10,cnn,FashionMNIST,3,42,relu3,3.70402104854791,0.1841671512126922,0.2365378752112388,0.93158,0.9142,0.0173799999999999,cnn_FashionMNIST_seed3_entropy_history.csv
11,cnn,FashionMNIST,3,42,relu1,5.214257363391278,0.1710293109750747,0.2531535702347755,0.9362,0.9103,0.0259,cnn_FashionMNIST_seed3_entropy_history.csv
11,cnn,FashionMNIST,3,42,relu2,3.5590454007607093,0.1710293109750747,0.2531535702347755,0.9362,0.9103,0.0259,cnn_FashionMNIST_seed3_entropy_history.csv
11,cnn,FashionMNIST,3,42,relu3,3.722894424031359,0.1710293109750747,0.2531535702347755,0.9362,0.9103,0.0259,cnn_FashionMNIST_seed3_entropy_history.csv
12,cnn,FashionMNIST,3,42,relu1,5.289348156822353,0.1573189075350761,0.2443330194592476,0.94192,0.9134,0.0285199999999999,cnn_FashionMNIST_seed3_entropy_history.csv
12,cnn,FashionMNIST,3,42,relu2,3.5501449028505583,0.1573189075350761,0.2443330194592476,0.94192,0.9134,0.0285199999999999,cnn_FashionMNIST_seed3_entropy_history.csv
12,cnn,FashionMNIST,3,42,relu3,3.807248335297593,0.1573189075350761,0.2443330194592476,0.94192,0.9134,0.0285199999999999,cnn_FashionMNIST_seed3_entropy_history.csv
13,cnn,FashionMNIST,3,42,relu1,5.167126603012408,0.1486885948085785,0.2386022508978843,0.94546,0.9126,0.03286,cnn_FashionMNIST_seed3_entropy_history.csv
13,cnn,FashionMNIST,3,42,relu2,3.28587786938116,0.1486885948085785,0.2386022508978843,0.94546,0.9126,0.03286,cnn_FashionMNIST_seed3_entropy_history.csv
13,cnn,FashionMNIST,3,42,relu3,3.5739311203019675,0.1486885948085785,0.2386022508978843,0.94546,0.9126,0.03286,cnn_FashionMNIST_seed3_entropy_history.csv
14,cnn,FashionMNIST,3,42,relu1,5.066993882803254,0.1370214052009582,0.2721075969815254,0.95016,0.902,0.0481599999999999,cnn_FashionMNIST_seed3_entropy_history.csv
14,cnn,FashionMNIST,3,42,relu2,3.258059564769769,0.1370214052009582,0.2721075969815254,0.95016,0.902,0.0481599999999999,cnn_FashionMNIST_seed3_entropy_history.csv
14,cnn,FashionMNIST,3,42,relu3,3.6859969189484496,0.1370214052009582,0.2721075969815254,0.95016,0.902,0.0481599999999999,cnn_FashionMNIST_seed3_entropy_history.csv
15,cnn,FashionMNIST,3,42,relu1,5.234152180530872,0.1305799743127823,0.2476013265490532,0.95206,0.9162,0.03586,cnn_FashionMNIST_seed3_entropy_history.csv
15,cnn,FashionMNIST,3,42,relu2,3.234611624833035,0.1305799743127823,0.2476013265490532,0.95206,0.9162,0.03586,cnn_FashionMNIST_seed3_entropy_history.csv
15,cnn,FashionMNIST,3,42,relu3,3.6471087021277246,0.1305799743127823,0.2476013265490532,0.95206,0.9162,0.03586,cnn_FashionMNIST_seed3_entropy_history.csv
16,cnn,FashionMNIST,3,42,relu1,5.070157398172305,0.1201642529821395,0.2574634157061576,0.95596,0.9162,0.03976,cnn_FashionMNIST_seed3_entropy_history.csv
16,cnn,FashionMNIST,3,42,relu2,3.111380638046909,0.1201642529821395,0.2574634157061576,0.95596,0.9162,0.03976,cnn_FashionMNIST_seed3_entropy_history.csv
16,cnn,FashionMNIST,3,42,relu3,3.681737859104699,0.1201642529821395,0.2574634157061576,0.95596,0.9162,0.03976,cnn_FashionMNIST_seed3_entropy_history.csv
17,cnn,FashionMNIST,3,42,relu1,5.03987098895057,0.110964482216835,0.2632404346942901,0.95892,0.9132,0.0457199999999999,cnn_FashionMNIST_seed3_entropy_history.csv
17,cnn,FashionMNIST,3,42,relu2,3.024385412941582,0.110964482216835,0.2632404346942901,0.95892,0.9132,0.0457199999999999,cnn_FashionMNIST_seed3_entropy_history.csv
17,cnn,FashionMNIST,3,42,relu3,3.5393118776970605,0.110964482216835,0.2632404346942901,0.95892,0.9132,0.0457199999999999,cnn_FashionMNIST_seed3_entropy_history.csv
18,cnn,FashionMNIST,3,42,relu1,5.237823636739172,0.1005025021171569,0.270481795501709,0.96344,0.9102,0.0532399999999999,cnn_FashionMNIST_seed3_entropy_history.csv
18,cnn,FashionMNIST,3,42,relu2,2.852478223328678,0.1005025021171569,0.270481795501709,0.96344,0.9102,0.0532399999999999,cnn_FashionMNIST_seed3_entropy_history.csv
18,cnn,FashionMNIST,3,42,relu3,3.417636920001801,0.1005025021171569,0.270481795501709,0.96344,0.9102,0.0532399999999999,cnn_FashionMNIST_seed3_entropy_history.csv
19,cnn,FashionMNIST,3,42,relu1,5.015660766716775,0.0931246331834793,0.2949291227579116,0.96534,0.9092,0.0561399999999999,cnn_FashionMNIST_seed3_entropy_history.csv
19,cnn,FashionMNIST,3,42,relu2,2.927059730925241,0.0931246331834793,0.2949291227579116,0.96534,0.9092,0.0561399999999999,cnn_FashionMNIST_seed3_entropy_history.csv
19,cnn,FashionMNIST,3,42,relu3,3.5752875115010387,0.0931246331834793,0.2949291227579116,0.96534,0.9092,0.0561399999999999,cnn_FashionMNIST_seed3_entropy_history.csv
20,cnn,FashionMNIST,3,42,relu1,5.162250865258796,0.0840950145900249,0.2915908057928085,0.96926,0.9116,0.05766,cnn_FashionMNIST_seed3_entropy_history.csv
20,cnn,FashionMNIST,3,42,relu2,2.846553784662205,0.0840950145900249,0.2915908057928085,0.96926,0.9116,0.05766,cnn_FashionMNIST_seed3_entropy_history.csv
20,cnn,FashionMNIST,3,42,relu3,3.48846549955252,0.0840950145900249,0.2915908057928085,0.96926,0.9116,0.05766,cnn_FashionMNIST_seed3_entropy_history.csv
21,cnn,FashionMNIST,3,42,relu1,5.056303418352737,0.0749181497859954,0.3080727618813514,0.97248,0.9126,0.05988,cnn_FashionMNIST_seed3_entropy_history.csv
21,cnn,FashionMNIST,3,42,relu2,2.8684158102382207,0.0749181497859954,0.3080727618813514,0.97248,0.9126,0.05988,cnn_FashionMNIST_seed3_entropy_history.csv
21,cnn,FashionMNIST,3,42,relu3,3.3883985364567915,0.0749181497859954,0.3080727618813514,0.97248,0.9126,0.05988,cnn_FashionMNIST_seed3_entropy_history.csv
22,cnn,FashionMNIST,3,42,relu1,4.980167270469359,0.0710905231070518,0.310580337524414,0.97376,0.9128,0.06096,cnn_FashionMNIST_seed3_entropy_history.csv
22,cnn,FashionMNIST,3,42,relu2,2.943790916716209,0.0710905231070518,0.310580337524414,0.97376,0.9128,0.06096,cnn_FashionMNIST_seed3_entropy_history.csv
22,cnn,FashionMNIST,3,42,relu3,3.511264433312252,0.0710905231070518,0.310580337524414,0.97376,0.9128,0.06096,cnn_FashionMNIST_seed3_entropy_history.csv
23,cnn,FashionMNIST,3,42,relu1,5.0147833985739485,0.0631504455208778,0.3398438871145248,0.97668,0.9112,0.0654799999999999,cnn_FashionMNIST_seed3_entropy_history.csv
23,cnn,FashionMNIST,3,42,relu2,2.8838627417883638,0.0631504455208778,0.3398438871145248,0.97668,0.9112,0.0654799999999999,cnn_FashionMNIST_seed3_entropy_history.csv
23,cnn,FashionMNIST,3,42,relu3,3.5884381142050654,0.0631504455208778,0.3398438871145248,0.97668,0.9112,0.0654799999999999,cnn_FashionMNIST_seed3_entropy_history.csv
24,cnn,FashionMNIST,3,42,relu1,5.020980354521687,0.0584461972737312,0.3296364638924599,0.97906,0.9142,0.06486,cnn_FashionMNIST_seed3_entropy_history.csv
24,cnn,FashionMNIST,3,42,relu2,2.781911245417351,0.0584461972737312,0.3296364638924599,0.97906,0.9142,0.06486,cnn_FashionMNIST_seed3_entropy_history.csv
24,cnn,FashionMNIST,3,42,relu3,3.4021788903508465,0.0584461972737312,0.3296364638924599,0.97906,0.9142,0.06486,cnn_FashionMNIST_seed3_entropy_history.csv
25,cnn,FashionMNIST,3,42,relu1,5.098861424512669,0.0518720060908794,0.3496185845971107,0.98124,0.911,0.0702399999999999,cnn_FashionMNIST_seed3_entropy_history.csv
25,cnn,FashionMNIST,3,42,relu2,2.761450259777751,0.0518720060908794,0.3496185845971107,0.98124,0.911,0.0702399999999999,cnn_FashionMNIST_seed3_entropy_history.csv
25,cnn,FashionMNIST,3,42,relu3,3.4244867449195104,0.0518720060908794,0.3496185845971107,0.98124,0.911,0.0702399999999999,cnn_FashionMNIST_seed3_entropy_history.csv
26,cnn,FashionMNIST,3,42,relu1,5.115583995685886,0.0492195046168565,0.3564043866872787,0.98222,0.9171,0.0651199999999999,cnn_FashionMNIST_seed3_entropy_history.csv
26,cnn,FashionMNIST,3,42,relu2,2.815272034567647,0.0492195046168565,0.3564043866872787,0.98222,0.9171,0.0651199999999999,cnn_FashionMNIST_seed3_entropy_history.csv
26,cnn,FashionMNIST,3,42,relu3,3.456737662105504,0.0492195046168565,0.3564043866872787,0.98222,0.9171,0.0651199999999999,cnn_FashionMNIST_seed3_entropy_history.csv
27,cnn,FashionMNIST,3,42,relu1,4.986592103847528,0.0440507190692424,0.3558659708499908,0.98408,0.9161,0.0679799999999999,cnn_FashionMNIST_seed3_entropy_history.csv
27,cnn,FashionMNIST,3,42,relu2,2.732824598167537,0.0440507190692424,0.3558659708499908,0.98408,0.9161,0.0679799999999999,cnn_FashionMNIST_seed3_entropy_history.csv
27,cnn,FashionMNIST,3,42,relu3,3.3644196715168158,0.0440507190692424,0.3558659708499908,0.98408,0.9161,0.0679799999999999,cnn_FashionMNIST_seed3_entropy_history.csv
28,cnn,FashionMNIST,3,42,relu1,5.012887163626726,0.0401043510711193,0.3721178528070449,0.98608,0.9172,0.0688799999999999,cnn_FashionMNIST_seed3_entropy_history.csv
28,cnn,FashionMNIST,3,42,relu2,2.6884959984903523,0.0401043510711193,0.3721178528070449,0.98608,0.9172,0.0688799999999999,cnn_FashionMNIST_seed3_entropy_history.csv
28,cnn,FashionMNIST,3,42,relu3,3.3984433639046125,0.0401043510711193,0.3721178528070449,0.98608,0.9172,0.0688799999999999,cnn_FashionMNIST_seed3_entropy_history.csv
29,cnn,FashionMNIST,3,42,relu1,4.987050825258959,0.0357468717068433,0.4117702336907387,0.9875,0.9133,0.0742,cnn_FashionMNIST_seed3_entropy_history.csv
29,cnn,FashionMNIST,3,42,relu2,2.6787743211774395,0.0357468717068433,0.4117702336907387,0.9875,0.9133,0.0742,cnn_FashionMNIST_seed3_entropy_history.csv
29,cnn,FashionMNIST,3,42,relu3,3.472173192229173,0.0357468717068433,0.4117702336907387,0.9875,0.9133,0.0742,cnn_FashionMNIST_seed3_entropy_history.csv
30,cnn,FashionMNIST,3,42,relu1,4.991809012079283,0.0367548453009128,0.4206408123731613,0.98678,0.9096,0.07718,cnn_FashionMNIST_seed3_entropy_history.csv
30,cnn,FashionMNIST,3,42,relu2,2.680700771397876,0.0367548453009128,0.4206408123731613,0.98678,0.9096,0.07718,cnn_FashionMNIST_seed3_entropy_history.csv
30,cnn,FashionMNIST,3,42,relu3,3.3654390214926257,0.0367548453009128,0.4206408123731613,0.98678,0.9096,0.07718,cnn_FashionMNIST_seed3_entropy_history.csv
1,cnn,FashionMNIST,4,42,relu1,5.262832376989309,0.5657812238693237,0.387280530834198,0.80018,0.8614,-0.06122,cnn_FashionMNIST_seed4_entropy_history.csv
1,cnn,FashionMNIST,4,42,relu2,6.045802913076971,0.5657812238693237,0.387280530834198,0.80018,0.8614,-0.06122,cnn_FashionMNIST_seed4_entropy_history.csv
1,cnn,FashionMNIST,4,42,relu3,5.249523979358128,0.5657812238693237,0.387280530834198,0.80018,0.8614,-0.06122,cnn_FashionMNIST_seed4_entropy_history.csv
2,cnn,FashionMNIST,4,42,relu1,5.460839836492323,0.3558269269752502,0.3266350198030471,0.873,0.882,-0.009,cnn_FashionMNIST_seed4_entropy_history.csv
2,cnn,FashionMNIST,4,42,relu2,4.8589359274116415,0.3558269269752502,0.3266350198030471,0.873,0.882,-0.009,cnn_FashionMNIST_seed4_entropy_history.csv
2,cnn,FashionMNIST,4,42,relu3,4.7554710615142906,0.3558269269752502,0.3266350198030471,0.873,0.882,-0.009,cnn_FashionMNIST_seed4_entropy_history.csv
3,cnn,FashionMNIST,4,42,relu1,5.447348937100498,0.3072758229923248,0.2917401382923126,0.8889,0.8924,-0.0034999999999999,cnn_FashionMNIST_seed4_entropy_history.csv
3,cnn,FashionMNIST,4,42,relu2,4.751090139750316,0.3072758229923248,0.2917401382923126,0.8889,0.8924,-0.0034999999999999,cnn_FashionMNIST_seed4_entropy_history.csv
3,cnn,FashionMNIST,4,42,relu3,4.707503110540266,0.3072758229923248,0.2917401382923126,0.8889,0.8924,-0.0034999999999999,cnn_FashionMNIST_seed4_entropy_history.csv
4,cnn,FashionMNIST,4,42,relu1,5.4981910320211655,0.273686001791954,0.2795267969369888,0.89958,0.8968,0.00278,cnn_FashionMNIST_seed4_entropy_history.csv
4,cnn,FashionMNIST,4,42,relu2,4.379683743264743,0.273686001791954,0.2795267969369888,0.89958,0.8968,0.00278,cnn_FashionMNIST_seed4_entropy_history.csv
4,cnn,FashionMNIST,4,42,relu3,4.564683013814283,0.273686001791954,0.2795267969369888,0.89958,0.8968,0.00278,cnn_FashionMNIST_seed4_entropy_history.csv
5,cnn,FashionMNIST,4,42,relu1,5.396419123023663,0.2498873848628997,0.287500442636013,0.91044,0.8959,0.0145399999999999,cnn_FashionMNIST_seed4_entropy_history.csv
5,cnn,FashionMNIST,4,42,relu2,4.201380846604215,0.2498873848628997,0.287500442636013,0.91044,0.8959,0.0145399999999999,cnn_FashionMNIST_seed4_entropy_history.csv
5,cnn,FashionMNIST,4,42,relu3,4.4423772491785085,0.2498873848628997,0.287500442636013,0.91044,0.8959,0.0145399999999999,cnn_FashionMNIST_seed4_entropy_history.csv
6,cnn,FashionMNIST,4,42,relu1,5.4800107143531385,0.2321872059059143,0.2517094168424606,0.91484,0.9065,0.00834,cnn_FashionMNIST_seed4_entropy_history.csv
6,cnn,FashionMNIST,4,42,relu2,3.963193418629512,0.2321872059059143,0.2517094168424606,0.91484,0.9065,0.00834,cnn_FashionMNIST_seed4_entropy_history.csv
6,cnn,FashionMNIST,4,42,relu3,4.289723555584739,0.2321872059059143,0.2517094168424606,0.91484,0.9065,0.00834,cnn_FashionMNIST_seed4_entropy_history.csv
7,cnn,FashionMNIST,4,42,relu1,5.462719396268997,0.2137735247039794,0.2511124108314514,0.92056,0.907,0.01356,cnn_FashionMNIST_seed4_entropy_history.csv
7,cnn,FashionMNIST,4,42,relu2,3.897461091870688,0.2137735247039794,0.2511124108314514,0.92056,0.907,0.01356,cnn_FashionMNIST_seed4_entropy_history.csv
7,cnn,FashionMNIST,4,42,relu3,4.262969914233927,0.2137735247039794,0.2511124108314514,0.92056,0.907,0.01356,cnn_FashionMNIST_seed4_entropy_history.csv
8,cnn,FashionMNIST,4,42,relu1,5.438490745194782,0.1991329169082641,0.2374897448778152,0.92654,0.9147,0.01184,cnn_FashionMNIST_seed4_entropy_history.csv
8,cnn,FashionMNIST,4,42,relu2,3.346651860120422,0.1991329169082641,0.2374897448778152,0.92654,0.9147,0.01184,cnn_FashionMNIST_seed4_entropy_history.csv
8,cnn,FashionMNIST,4,42,relu3,4.115781420202936,0.1991329169082641,0.2374897448778152,0.92654,0.9147,0.01184,cnn_FashionMNIST_seed4_entropy_history.csv
9,cnn,FashionMNIST,4,42,relu1,5.548146274448479,0.1840293189620971,0.2334969686031341,0.93182,0.9139,0.0179199999999999,cnn_FashionMNIST_seed4_entropy_history.csv
9,cnn,FashionMNIST,4,42,relu2,3.572288480100734,0.1840293189620971,0.2334969686031341,0.93182,0.9139,0.0179199999999999,cnn_FashionMNIST_seed4_entropy_history.csv
9,cnn,FashionMNIST,4,42,relu3,4.154658032579724,0.1840293189620971,0.2334969686031341,0.93182,0.9139,0.0179199999999999,cnn_FashionMNIST_seed4_entropy_history.csv
10,cnn,FashionMNIST,4,42,relu1,5.245818975622895,0.1701144634532928,0.237626233625412,0.93678,0.915,0.0217799999999999,cnn_FashionMNIST_seed4_entropy_history.csv
10,cnn,FashionMNIST,4,42,relu2,3.5681029531382817,0.1701144634532928,0.237626233625412,0.93678,0.915,0.0217799999999999,cnn_FashionMNIST_seed4_entropy_history.csv
10,cnn,FashionMNIST,4,42,relu3,4.173362917825206,0.1701144634532928,0.237626233625412,0.93678,0.915,0.0217799999999999,cnn_FashionMNIST_seed4_entropy_history.csv
11,cnn,FashionMNIST,4,42,relu1,5.173918194671828,0.1583294908618927,0.2595783359408378,0.94308,0.9087,0.03438,cnn_FashionMNIST_seed4_entropy_history.csv
11,cnn,FashionMNIST,4,42,relu2,3.0676193786321813,0.1583294908618927,0.2595783359408378,0.94308,0.9087,0.03438,cnn_FashionMNIST_seed4_entropy_history.csv
11,cnn,FashionMNIST,4,42,relu3,3.961841182129194,0.1583294908618927,0.2595783359408378,0.94308,0.9087,0.03438,cnn_FashionMNIST_seed4_entropy_history.csv
12,cnn,FashionMNIST,4,42,relu1,5.281404627939284,0.145784815621376,0.2443782038927078,0.9465,0.913,0.0334999999999999,cnn_FashionMNIST_seed4_entropy_history.csv
12,cnn,FashionMNIST,4,42,relu2,3.072501396235249,0.145784815621376,0.2443782038927078,0.9465,0.913,0.0334999999999999,cnn_FashionMNIST_seed4_entropy_history.csv
12,cnn,FashionMNIST,4,42,relu3,3.837772751199848,0.145784815621376,0.2443782038927078,0.9465,0.913,0.0334999999999999,cnn_FashionMNIST_seed4_entropy_history.csv
13,cnn,FashionMNIST,4,42,relu1,5.371192174446441,0.1332231229257583,0.2345211277246475,0.95124,0.9198,0.03144,cnn_FashionMNIST_seed4_entropy_history.csv
13,cnn,FashionMNIST,4,42,relu2,3.293840335982387,0.1332231229257583,0.2345211277246475,0.95124,0.9198,0.03144,cnn_FashionMNIST_seed4_entropy_history.csv
13,cnn,FashionMNIST,4,42,relu3,4.015142896441692,0.1332231229257583,0.2345211277246475,0.95124,0.9198,0.03144,cnn_FashionMNIST_seed4_entropy_history.csv
14,cnn,FashionMNIST,4,42,relu1,5.171444186625745,0.1188665936279296,0.2629653443694115,0.95688,0.9136,0.0432799999999999,cnn_FashionMNIST_seed4_entropy_history.csv
14,cnn,FashionMNIST,4,42,relu2,3.1795019248274703,0.1188665936279296,0.2629653443694115,0.95688,0.9136,0.0432799999999999,cnn_FashionMNIST_seed4_entropy_history.csv
14,cnn,FashionMNIST,4,42,relu3,3.983078611234424,0.1188665936279296,0.2629653443694115,0.95688,0.9136,0.0432799999999999,cnn_FashionMNIST_seed4_entropy_history.csv
15,cnn,FashionMNIST,4,42,relu1,5.275298301015691,0.1110125334119796,0.2439688221693039,0.95942,0.9171,0.04232,cnn_FashionMNIST_seed4_entropy_history.csv
15,cnn,FashionMNIST,4,42,relu2,3.0197798189997527,0.1110125334119796,0.2439688221693039,0.95942,0.9171,0.04232,cnn_FashionMNIST_seed4_entropy_history.csv
15,cnn,FashionMNIST,4,42,relu3,3.898335445812963,0.1110125334119796,0.2439688221693039,0.95942,0.9171,0.04232,cnn_FashionMNIST_seed4_entropy_history.csv
16,cnn,FashionMNIST,4,42,relu1,5.0286698475621066,0.1034545519208908,0.2878047562122345,0.96276,0.9071,0.0556599999999999,cnn_FashionMNIST_seed4_entropy_history.csv
16,cnn,FashionMNIST,4,42,relu2,3.04032709312914,0.1034545519208908,0.2878047562122345,0.96276,0.9071,0.0556599999999999,cnn_FashionMNIST_seed4_entropy_history.csv
16,cnn,FashionMNIST,4,42,relu3,3.848735145648144,0.1034545519208908,0.2878047562122345,0.96276,0.9071,0.0556599999999999,cnn_FashionMNIST_seed4_entropy_history.csv
17,cnn,FashionMNIST,4,42,relu1,5.312773821498134,0.0933563322806358,0.2664013064861297,0.96626,0.9175,0.04876,cnn_FashionMNIST_seed4_entropy_history.csv
17,cnn,FashionMNIST,4,42,relu2,2.8679213871037845,0.0933563322806358,0.2664013064861297,0.96626,0.9175,0.04876,cnn_FashionMNIST_seed4_entropy_history.csv
17,cnn,FashionMNIST,4,42,relu3,3.821861488467027,0.0933563322806358,0.2664013064861297,0.96626,0.9175,0.04876,cnn_FashionMNIST_seed4_entropy_history.csv
18,cnn,FashionMNIST,4,42,relu1,5.256034189983528,0.0818463325500488,0.2760323874592781,0.97144,0.9175,0.0539399999999999,cnn_FashionMNIST_seed4_entropy_history.csv
18,cnn,FashionMNIST,4,42,relu2,2.871419680113685,0.0818463325500488,0.2760323874592781,0.97144,0.9175,0.0539399999999999,cnn_FashionMNIST_seed4_entropy_history.csv
18,cnn,FashionMNIST,4,42,relu3,3.888507759808842,0.0818463325500488,0.2760323874592781,0.97144,0.9175,0.0539399999999999,cnn_FashionMNIST_seed4_entropy_history.csv
19,cnn,FashionMNIST,4,42,relu1,5.108844254963669,0.0765900860762596,0.27090550532341,0.9716,0.9188,0.0528,cnn_FashionMNIST_seed4_entropy_history.csv
19,cnn,FashionMNIST,4,42,relu2,2.87848258627786,0.0765900860762596,0.27090550532341,0.9716,0.9188,0.0528,cnn_FashionMNIST_seed4_entropy_history.csv
19,cnn,FashionMNIST,4,42,relu3,3.778374863214571,0.0765900860762596,0.27090550532341,0.9716,0.9188,0.0528,cnn_FashionMNIST_seed4_entropy_history.csv
20,cnn,FashionMNIST,4,42,relu1,5.037001096316272,0.0680841992723941,0.3011020705401897,0.97562,0.9176,0.05802,cnn_FashionMNIST_seed4_entropy_history.csv
20,cnn,FashionMNIST,4,42,relu2,2.9496022402689057,0.0680841992723941,0.3011020705401897,0.97562,0.9176,0.05802,cnn_FashionMNIST_seed4_entropy_history.csv
20,cnn,FashionMNIST,4,42,relu3,3.935780830664348,0.0680841992723941,0.3011020705401897,0.97562,0.9176,0.05802,cnn_FashionMNIST_seed4_entropy_history.csv
21,cnn,FashionMNIST,4,42,relu1,5.14124368581956,0.0620689533019065,0.2958561892986298,0.97748,0.9157,0.06178,cnn_FashionMNIST_seed4_entropy_history.csv
21,cnn,FashionMNIST,4,42,relu2,2.8446934069960417,0.0620689533019065,0.2958561892986298,0.97748,0.9157,0.06178,cnn_FashionMNIST_seed4_entropy_history.csv
21,cnn,FashionMNIST,4,42,relu3,3.846012103388572,0.0620689533019065,0.2958561892986298,0.97748,0.9157,0.06178,cnn_FashionMNIST_seed4_entropy_history.csv
22,cnn,FashionMNIST,4,42,relu1,5.1627969088901855,0.0532986868083477,0.340309562420845,0.98084,0.9124,0.06844,cnn_FashionMNIST_seed4_entropy_history.csv
22,cnn,FashionMNIST,4,42,relu2,2.823405409159724,0.0532986868083477,0.340309562420845,0.98084,0.9124,0.06844,cnn_FashionMNIST_seed4_entropy_history.csv
22,cnn,FashionMNIST,4,42,relu3,3.9380516611229344,0.0532986868083477,0.340309562420845,0.98084,0.9124,0.06844,cnn_FashionMNIST_seed4_entropy_history.csv
23,cnn,FashionMNIST,4,42,relu1,5.090796103580535,0.0491376264011859,0.3346480352282524,0.9828,0.9173,0.0655,cnn_FashionMNIST_seed4_entropy_history.csv
23,cnn,FashionMNIST,4,42,relu2,2.7664733201747604,0.0491376264011859,0.3346480352282524,0.9828,0.9173,0.0655,cnn_FashionMNIST_seed4_entropy_history.csv
23,cnn,FashionMNIST,4,42,relu3,3.877499086521156,0.0491376264011859,0.3346480352282524,0.9828,0.9173,0.0655,cnn_FashionMNIST_seed4_entropy_history.csv
24,cnn,FashionMNIST,4,42,relu1,5.114852831363415,0.0429677645134925,0.344345505464077,0.98448,0.9188,0.06568,cnn_FashionMNIST_seed4_entropy_history.csv
24,cnn,FashionMNIST,4,42,relu2,2.741883421484052,0.0429677645134925,0.344345505464077,0.98448,0.9188,0.06568,cnn_FashionMNIST_seed4_entropy_history.csv
24,cnn,FashionMNIST,4,42,relu3,3.8020424602074088,0.0429677645134925,0.344345505464077,0.98448,0.9188,0.06568,cnn_FashionMNIST_seed4_entropy_history.csv
25,cnn,FashionMNIST,4,42,relu1,5.084247169156958,0.0420726509702205,0.3901469968147575,0.98494,0.9144,0.07054,cnn_FashionMNIST_seed4_entropy_history.csv
25,cnn,FashionMNIST,4,42,relu2,2.679365463786878,0.0420726509702205,0.3901469968147575,0.98494,0.9144,0.07054,cnn_FashionMNIST_seed4_entropy_history.csv
25,cnn,FashionMNIST,4,42,relu3,3.857062667830584,0.0420726509702205,0.3901469968147575,0.98494,0.9144,0.07054,cnn_FashionMNIST_seed4_entropy_history.csv
26,cnn,FashionMNIST,4,42,relu1,5.103910768201313,0.0366861201912164,0.3827787858009338,0.98736,0.9139,0.0734599999999999,cnn_FashionMNIST_seed4_entropy_history.csv
26,cnn,FashionMNIST,4,42,relu2,2.603244629689645,0.0366861201912164,0.3827787858009338,0.98736,0.9139,0.0734599999999999,cnn_FashionMNIST_seed4_entropy_history.csv
26,cnn,FashionMNIST,4,42,relu3,3.8272451041877527,0.0366861201912164,0.3827787858009338,0.98736,0.9139,0.0734599999999999,cnn_FashionMNIST_seed4_entropy_history.csv
27,cnn,FashionMNIST,4,42,relu1,5.065332655861166,0.0332422539854049,0.4039679157495499,0.98854,0.9116,0.07694,cnn_FashionMNIST_seed4_entropy_history.csv
27,cnn,FashionMNIST,4,42,relu2,2.561887758772303,0.0332422539854049,0.4039679157495499,0.98854,0.9116,0.07694,cnn_FashionMNIST_seed4_entropy_history.csv
27,cnn,FashionMNIST,4,42,relu3,3.749911778924852,0.0332422539854049,0.4039679157495499,0.98854,0.9116,0.07694,cnn_FashionMNIST_seed4_entropy_history.csv
28,cnn,FashionMNIST,4,42,relu1,4.996931567760925,0.0284292783236503,0.3929987734377384,0.99024,0.9154,0.07484,cnn_FashionMNIST_seed4_entropy_history.csv
28,cnn,FashionMNIST,4,42,relu2,2.6818105597272384,0.0284292783236503,0.3929987734377384,0.99024,0.9154,0.07484,cnn_FashionMNIST_seed4_entropy_history.csv
28,cnn,FashionMNIST,4,42,relu3,3.798752273378294,0.0284292783236503,0.3929987734377384,0.99024,0.9154,0.07484,cnn_FashionMNIST_seed4_entropy_history.csv
29,cnn,FashionMNIST,4,42,relu1,4.99465201912631,0.0250348684525489,0.4393465604305267,0.99142,0.9123,0.0791199999999999,cnn_FashionMNIST_seed4_entropy_history.csv
29,cnn,FashionMNIST,4,42,relu2,2.5923002286636074,0.0250348684525489,0.4393465604305267,0.99142,0.9123,0.0791199999999999,cnn_FashionMNIST_seed4_entropy_history.csv
29,cnn,FashionMNIST,4,42,relu3,3.78747738992537,0.0250348684525489,0.4393465604305267,0.99142,0.9123,0.0791199999999999,cnn_FashionMNIST_seed4_entropy_history.csv
30,cnn,FashionMNIST,4,42,relu1,4.891871434664721,0.0229088275396823,0.4425310029983521,0.99208,0.917,0.0750799999999999,cnn_FashionMNIST_seed4_entropy_history.csv
30,cnn,FashionMNIST,4,42,relu2,2.7456667331377,0.0229088275396823,0.4425310029983521,0.99208,0.917,0.0750799999999999,cnn_FashionMNIST_seed4_entropy_history.csv
30,cnn,FashionMNIST,4,42,relu3,3.829238540800386,0.0229088275396823,0.4425310029983521,0.99208,0.917,0.0750799999999999,cnn_FashionMNIST_seed4_entropy_history.csv
1,cnn,FashionMNIST,5,42,relu1,5.175413286569345,0.5241052202224732,0.3632287498950958,0.814,0.8715,-0.0575000000000001,cnn_FashionMNIST_seed5_entropy_history.csv
1,cnn,FashionMNIST,5,42,relu2,5.625244326312515,0.5241052202224732,0.3632287498950958,0.814,0.8715,-0.0575000000000001,cnn_FashionMNIST_seed5_entropy_history.csv
1,cnn,FashionMNIST,5,42,relu3,5.492259176680765,0.5241052202224732,0.3632287498950958,0.814,0.8715,-0.0575000000000001,cnn_FashionMNIST_seed5_entropy_history.csv
2,cnn,FashionMNIST,5,42,relu1,5.265261802825426,0.3379771402072906,0.306153325343132,0.8787,0.8857,-0.007,cnn_FashionMNIST_seed5_entropy_history.csv
2,cnn,FashionMNIST,5,42,relu2,4.68537871301033,0.3379771402072906,0.306153325343132,0.8787,0.8857,-0.007,cnn_FashionMNIST_seed5_entropy_history.csv
2,cnn,FashionMNIST,5,42,relu3,5.113913980649616,0.3379771402072906,0.306153325343132,0.8787,0.8857,-0.007,cnn_FashionMNIST_seed5_entropy_history.csv
3,cnn,FashionMNIST,5,42,relu1,5.175128549671382,0.2923999641990661,0.2912170276880264,0.89422,0.8927,0.0015199999999999,cnn_FashionMNIST_seed5_entropy_history.csv
3,cnn,FashionMNIST,5,42,relu2,4.174412500733975,0.2923999641990661,0.2912170276880264,0.89422,0.8927,0.0015199999999999,cnn_FashionMNIST_seed5_entropy_history.csv
3,cnn,FashionMNIST,5,42,relu3,4.828638559797886,0.2923999641990661,0.2912170276880264,0.89422,0.8927,0.0015199999999999,cnn_FashionMNIST_seed5_entropy_history.csv
4,cnn,FashionMNIST,5,42,relu1,5.122589416314734,0.261550399312973,0.2770399293065071,0.9055,0.8941,0.0113999999999999,cnn_FashionMNIST_seed5_entropy_history.csv
4,cnn,FashionMNIST,5,42,relu2,4.156883990416893,0.261550399312973,0.2770399293065071,0.9055,0.8941,0.0113999999999999,cnn_FashionMNIST_seed5_entropy_history.csv
4,cnn,FashionMNIST,5,42,relu3,4.75889473602585,0.261550399312973,0.2770399293065071,0.9055,0.8941,0.0113999999999999,cnn_FashionMNIST_seed5_entropy_history.csv
5,cnn,FashionMNIST,5,42,relu1,5.000996866881932,0.2379766275787353,0.2534181741714477,0.91342,0.9046,0.00882,cnn_FashionMNIST_seed5_entropy_history.csv
5,cnn,FashionMNIST,5,42,relu2,3.93049730334796,0.2379766275787353,0.2534181741714477,0.91342,0.9046,0.00882,cnn_FashionMNIST_seed5_entropy_history.csv
5,cnn,FashionMNIST,5,42,relu3,4.722007761074095,0.2379766275787353,0.2534181741714477,0.91342,0.9046,0.00882,cnn_FashionMNIST_seed5_entropy_history.csv
6,cnn,FashionMNIST,5,42,relu1,4.8071924876006085,0.2220722822713852,0.2539211844801903,0.91902,0.9041,0.0149199999999999,cnn_FashionMNIST_seed5_entropy_history.csv
6,cnn,FashionMNIST,5,42,relu2,3.483117477447809,0.2220722822713852,0.2539211844801903,0.91902,0.9041,0.0149199999999999,cnn_FashionMNIST_seed5_entropy_history.csv
6,cnn,FashionMNIST,5,42,relu3,4.485937954263223,0.2220722822713852,0.2539211844801903,0.91902,0.9041,0.0149199999999999,cnn_FashionMNIST_seed5_entropy_history.csv
7,cnn,FashionMNIST,5,42,relu1,4.759157575307208,0.205579175043106,0.243567729139328,0.92536,0.9077,0.01766,cnn_FashionMNIST_seed5_entropy_history.csv
7,cnn,FashionMNIST,5,42,relu2,3.512898870366689,0.205579175043106,0.243567729139328,0.92536,0.9077,0.01766,cnn_FashionMNIST_seed5_entropy_history.csv
7,cnn,FashionMNIST,5,42,relu3,4.485607527835317,0.205579175043106,0.243567729139328,0.92536,0.9077,0.01766,cnn_FashionMNIST_seed5_entropy_history.csv
8,cnn,FashionMNIST,5,42,relu1,4.784362131961125,0.1876804266500473,0.2377201735734939,0.93118,0.9147,0.01648,cnn_FashionMNIST_seed5_entropy_history.csv
8,cnn,FashionMNIST,5,42,relu2,3.518588551523761,0.1876804266500473,0.2377201735734939,0.93118,0.9147,0.01648,cnn_FashionMNIST_seed5_entropy_history.csv
8,cnn,FashionMNIST,5,42,relu3,4.389906047604173,0.1876804266500473,0.2377201735734939,0.93118,0.9147,0.01648,cnn_FashionMNIST_seed5_entropy_history.csv
9,cnn,FashionMNIST,5,42,relu1,4.85657998563581,0.1729124222135543,0.2303516678452492,0.9371,0.9147,0.0224,cnn_FashionMNIST_seed5_entropy_history.csv
9,cnn,FashionMNIST,5,42,relu2,3.479851794354768,0.1729124222135543,0.2303516678452492,0.9371,0.9147,0.0224,cnn_FashionMNIST_seed5_entropy_history.csv
9,cnn,FashionMNIST,5,42,relu3,4.422746568475095,0.1729124222135543,0.2303516678452492,0.9371,0.9147,0.0224,cnn_FashionMNIST_seed5_entropy_history.csv
10,cnn,FashionMNIST,5,42,relu1,4.6355345142821545,0.1624896329832077,0.2463169200420379,0.94006,0.9108,0.0292599999999999,cnn_FashionMNIST_seed5_entropy_history.csv
10,cnn,FashionMNIST,5,42,relu2,3.3647132014198355,0.1624896329832077,0.2463169200420379,0.94006,0.9108,0.0292599999999999,cnn_FashionMNIST_seed5_entropy_history.csv
10,cnn,FashionMNIST,5,42,relu3,4.408750200197595,0.1624896329832077,0.2463169200420379,0.94006,0.9108,0.0292599999999999,cnn_FashionMNIST_seed5_entropy_history.csv
11,cnn,FashionMNIST,5,42,relu1,4.723457162277652,0.1494984526395797,0.2391222510337829,0.946,0.9129,0.0330999999999999,cnn_FashionMNIST_seed5_entropy_history.csv
11,cnn,FashionMNIST,5,42,relu2,3.266014126547005,0.1494984526395797,0.2391222510337829,0.946,0.9129,0.0330999999999999,cnn_FashionMNIST_seed5_entropy_history.csv
11,cnn,FashionMNIST,5,42,relu3,4.34474731495088,0.1494984526395797,0.2391222510337829,0.946,0.9129,0.0330999999999999,cnn_FashionMNIST_seed5_entropy_history.csv
12,cnn,FashionMNIST,5,42,relu1,4.708220530306933,0.137950648818016,0.2357270301580429,0.94994,0.9159,0.0340399999999999,cnn_FashionMNIST_seed5_entropy_history.csv
12,cnn,FashionMNIST,5,42,relu2,3.2132809284766024,0.137950648818016,0.2357270301580429,0.94994,0.9159,0.0340399999999999,cnn_FashionMNIST_seed5_entropy_history.csv
12,cnn,FashionMNIST,5,42,relu3,4.281392336588602,0.137950648818016,0.2357270301580429,0.94994,0.9159,0.0340399999999999,cnn_FashionMNIST_seed5_entropy_history.csv
13,cnn,FashionMNIST,5,42,relu1,4.627566385806084,0.1239933420705795,0.2408621637105941,0.9548,0.9161,0.0386999999999999,cnn_FashionMNIST_seed5_entropy_history.csv
13,cnn,FashionMNIST,5,42,relu2,3.29380895070598,0.1239933420705795,0.2408621637105941,0.9548,0.9161,0.0386999999999999,cnn_FashionMNIST_seed5_entropy_history.csv
13,cnn,FashionMNIST,5,42,relu3,4.150303158363122,0.1239933420705795,0.2408621637105941,0.9548,0.9161,0.0386999999999999,cnn_FashionMNIST_seed5_entropy_history.csv
14,cnn,FashionMNIST,5,42,relu1,4.473696563247728,0.1180151937013864,0.256913626819849,0.95646,0.9124,0.0440599999999999,cnn_FashionMNIST_seed5_entropy_history.csv
14,cnn,FashionMNIST,5,42,relu2,2.9591320754439527,0.1180151937013864,0.256913626819849,0.95646,0.9124,0.0440599999999999,cnn_FashionMNIST_seed5_entropy_history.csv
14,cnn,FashionMNIST,5,42,relu3,4.103846172728791,0.1180151937013864,0.256913626819849,0.95646,0.9124,0.0440599999999999,cnn_FashionMNIST_seed5_entropy_history.csv
15,cnn,FashionMNIST,5,42,relu1,4.510343887270329,0.1049352776956558,0.2596952013850212,0.96256,0.9149,0.0476599999999999,cnn_FashionMNIST_seed5_entropy_history.csv
15,cnn,FashionMNIST,5,42,relu2,2.9443053073104752,0.1049352776956558,0.2596952013850212,0.96256,0.9149,0.0476599999999999,cnn_FashionMNIST_seed5_entropy_history.csv
15,cnn,FashionMNIST,5,42,relu3,4.1076842893562775,0.1049352776956558,0.2596952013850212,0.96256,0.9149,0.0476599999999999,cnn_FashionMNIST_seed5_entropy_history.csv
16,cnn,FashionMNIST,5,42,relu1,4.68231893736707,0.0976454477643966,0.280839287507534,0.96452,0.9111,0.05342,cnn_FashionMNIST_seed5_entropy_history.csv
16,cnn,FashionMNIST,5,42,relu2,2.850625303497284,0.0976454477643966,0.280839287507534,0.96452,0.9111,0.05342,cnn_FashionMNIST_seed5_entropy_history.csv
16,cnn,FashionMNIST,5,42,relu3,4.098260020414078,0.0976454477643966,0.280839287507534,0.96452,0.9111,0.05342,cnn_FashionMNIST_seed5_entropy_history.csv
17,cnn,FashionMNIST,5,42,relu1,4.598836327134626,0.0884276976263523,0.263857919216156,0.96796,0.9172,0.05076,cnn_FashionMNIST_seed5_entropy_history.csv
17,cnn,FashionMNIST,5,42,relu2,2.937375696529789,0.0884276976263523,0.263857919216156,0.96796,0.9172,0.05076,cnn_FashionMNIST_seed5_entropy_history.csv
17,cnn,FashionMNIST,5,42,relu3,3.982793065243877,0.0884276976263523,0.263857919216156,0.96796,0.9172,0.05076,cnn_FashionMNIST_seed5_entropy_history.csv
18,cnn,FashionMNIST,5,42,relu1,4.594154854769618,0.0780682481360435,0.2894219689130783,0.9723,0.9116,0.0607,cnn_FashionMNIST_seed5_entropy_history.csv
18,cnn,FashionMNIST,5,42,relu2,2.889066301292089,0.0780682481360435,0.2894219689130783,0.9723,0.9116,0.0607,cnn_FashionMNIST_seed5_entropy_history.csv
18,cnn,FashionMNIST,5,42,relu3,4.057013604908713,0.0780682481360435,0.2894219689130783,0.9723,0.9116,0.0607,cnn_FashionMNIST_seed5_entropy_history.csv
19,cnn,FashionMNIST,5,42,relu1,4.596591621265654,0.0694923852217197,0.2985960540533066,0.97526,0.9139,0.0613599999999999,cnn_FashionMNIST_seed5_entropy_history.csv
19,cnn,FashionMNIST,5,42,relu2,3.0361345797269,0.0694923852217197,0.2985960540533066,0.97526,0.9139,0.0613599999999999,cnn_FashionMNIST_seed5_entropy_history.csv
19,cnn,FashionMNIST,5,42,relu3,4.083382952921547,0.0694923852217197,0.2985960540533066,0.97526,0.9139,0.0613599999999999,cnn_FashionMNIST_seed5_entropy_history.csv
20,cnn,FashionMNIST,5,42,relu1,4.62681399086966,0.0625805574941635,0.3045260510206222,0.97774,0.9133,0.06444,cnn_FashionMNIST_seed5_entropy_history.csv
20,cnn,FashionMNIST,5,42,relu2,2.7434581379775254,0.0625805574941635,0.3045260510206222,0.97774,0.9133,0.06444,cnn_FashionMNIST_seed5_entropy_history.csv
20,cnn,FashionMNIST,5,42,relu3,4.063556667142271,0.0625805574941635,0.3045260510206222,0.97774,0.9133,0.06444,cnn_FashionMNIST_seed5_entropy_history.csv
21,cnn,FashionMNIST,5,42,relu1,4.605975472019996,0.0576759243655204,0.3060041358470917,0.97926,0.9139,0.0653599999999999,cnn_FashionMNIST_seed5_entropy_history.csv
21,cnn,FashionMNIST,5,42,relu2,2.8341128796200827,0.0576759243655204,0.3060041358470917,0.97926,0.9139,0.0653599999999999,cnn_FashionMNIST_seed5_entropy_history.csv
21,cnn,FashionMNIST,5,42,relu3,4.031392026047568,0.0576759243655204,0.3060041358470917,0.97926,0.9139,0.0653599999999999,cnn_FashionMNIST_seed5_entropy_history.csv
22,cnn,FashionMNIST,5,42,relu1,4.5688815598064005,0.0480254628682136,0.3238423779249191,0.9828,0.9148,0.068,cnn_FashionMNIST_seed5_entropy_history.csv
22,cnn,FashionMNIST,5,42,relu2,2.8114708955438914,0.0480254628682136,0.3238423779249191,0.9828,0.9148,0.068,cnn_FashionMNIST_seed5_entropy_history.csv
22,cnn,FashionMNIST,5,42,relu3,4.023127748899112,0.0480254628682136,0.3238423779249191,0.9828,0.9148,0.068,cnn_FashionMNIST_seed5_entropy_history.csv
23,cnn,FashionMNIST,5,42,relu1,4.709593992773383,0.0454912990963459,0.3404368358850479,0.98338,0.9146,0.06878,cnn_FashionMNIST_seed5_entropy_history.csv
23,cnn,FashionMNIST,5,42,relu2,2.749917380356835,0.0454912990963459,0.3404368358850479,0.98338,0.9146,0.06878,cnn_FashionMNIST_seed5_entropy_history.csv
23,cnn,FashionMNIST,5,42,relu3,4.0088891068225525,0.0454912990963459,0.3404368358850479,0.98338,0.9146,0.06878,cnn_FashionMNIST_seed5_entropy_history.csv
24,cnn,FashionMNIST,5,42,relu1,4.5848713925238185,0.0409435078442096,0.3831210291743278,0.98552,0.9083,0.0772199999999999,cnn_FashionMNIST_seed5_entropy_history.csv
24,cnn,FashionMNIST,5,42,relu2,2.7283754936415168,0.0409435078442096,0.3831210291743278,0.98552,0.9083,0.0772199999999999,cnn_FashionMNIST_seed5_entropy_history.csv
24,cnn,FashionMNIST,5,42,relu3,4.007659843165089,0.0409435078442096,0.3831210291743278,0.98552,0.9083,0.0772199999999999,cnn_FashionMNIST_seed5_entropy_history.csv
25,cnn,FashionMNIST,5,42,relu1,4.46343989652574,0.0414422087725996,0.3570415157079696,0.9851,0.9138,0.0713,cnn_FashionMNIST_seed5_entropy_history.csv
25,cnn,FashionMNIST,5,42,relu2,2.6924800676055654,0.0414422087725996,0.3570415157079696,0.9851,0.9138,0.0713,cnn_FashionMNIST_seed5_entropy_history.csv
25,cnn,FashionMNIST,5,42,relu3,3.911744485906586,0.0414422087725996,0.3570415157079696,0.9851,0.9138,0.0713,cnn_FashionMNIST_seed5_entropy_history.csv
26,cnn,FashionMNIST,5,42,relu1,4.614098683282882,0.0320655504912138,0.4059486748695373,0.98886,0.9095,0.0793599999999999,cnn_FashionMNIST_seed5_entropy_history.csv
26,cnn,FashionMNIST,5,42,relu2,2.64905343585196,0.0320655504912138,0.4059486748695373,0.98886,0.9095,0.0793599999999999,cnn_FashionMNIST_seed5_entropy_history.csv
26,cnn,FashionMNIST,5,42,relu3,4.017977140655031,0.0320655504912138,0.4059486748695373,0.98886,0.9095,0.0793599999999999,cnn_FashionMNIST_seed5_entropy_history.csv
27,cnn,FashionMNIST,5,42,relu1,4.69223099323218,0.0312614205908775,0.3890409246683121,0.98948,0.9135,0.07598,cnn_FashionMNIST_seed5_entropy_history.csv
27,cnn,FashionMNIST,5,42,relu2,2.5420832531742965,0.0312614205908775,0.3890409246683121,0.98948,0.9135,0.07598,cnn_FashionMNIST_seed5_entropy_history.csv
27,cnn,FashionMNIST,5,42,relu3,3.868787660913287,0.0312614205908775,0.3890409246683121,0.98948,0.9135,0.07598,cnn_FashionMNIST_seed5_entropy_history.csv
28,cnn,FashionMNIST,5,42,relu1,4.569423333291937,0.0269698295724391,0.40316110932827,0.99076,0.9136,0.07716,cnn_FashionMNIST_seed5_entropy_history.csv
28,cnn,FashionMNIST,5,42,relu2,2.7089227103168088,0.0269698295724391,0.40316110932827,0.99076,0.9136,0.07716,cnn_FashionMNIST_seed5_entropy_history.csv
28,cnn,FashionMNIST,5,42,relu3,3.93268642559484,0.0269698295724391,0.40316110932827,0.99076,0.9136,0.07716,cnn_FashionMNIST_seed5_entropy_history.csv
29,cnn,FashionMNIST,5,42,relu1,4.462811641836264,0.0260535617655515,0.4188690730094909,0.99074,0.9089,0.0818399999999999,cnn_FashionMNIST_seed5_entropy_history.csv
29,cnn,FashionMNIST,5,42,relu2,2.505328616785651,0.0260535617655515,0.4188690730094909,0.99074,0.9089,0.0818399999999999,cnn_FashionMNIST_seed5_entropy_history.csv
29,cnn,FashionMNIST,5,42,relu3,3.85841457393422,0.0260535617655515,0.4188690730094909,0.99074,0.9089,0.0818399999999999,cnn_FashionMNIST_seed5_entropy_history.csv
30,cnn,FashionMNIST,5,42,relu1,4.478465751847501,0.0241354608605802,0.430941487801075,0.99176,0.9144,0.0773599999999999,cnn_FashionMNIST_seed5_entropy_history.csv
30,cnn,FashionMNIST,5,42,relu2,2.6098406367258327,0.0241354608605802,0.430941487801075,0.99176,0.9144,0.0773599999999999,cnn_FashionMNIST_seed5_entropy_history.csv
30,cnn,FashionMNIST,5,42,relu3,3.9044055238130446,0.0241354608605802,0.430941487801075,0.99176,0.9144,0.0773599999999999,cnn_FashionMNIST_seed5_entropy_history.csv
1,mlp,FashionMNIST,1,42,relu1,5.4678157946880965,0.5447508033943176,0.4216685128688812,0.80616,0.8475,-0.04134,mlp_FashionMNIST_seed1_entropy_history.csv
1,mlp,FashionMNIST,1,42,relu2,5.134081252776843,0.5447508033943176,0.4216685128688812,0.80616,0.8475,-0.04134,mlp_FashionMNIST_seed1_entropy_history.csv
2,mlp,FashionMNIST,1,42,relu1,4.812634402183794,0.3854179893302917,0.3621469133853912,0.86002,0.8631,-0.0030799999999999,mlp_FashionMNIST_seed1_entropy_history.csv
2,mlp,FashionMNIST,1,42,relu2,4.875603458642636,0.3854179893302917,0.3621469133853912,0.86002,0.8631,-0.0030799999999999,mlp_FashionMNIST_seed1_entropy_history.csv
3,mlp,FashionMNIST,1,42,relu1,4.5623498394030415,0.3432750247478485,0.3511745146989822,0.8743,0.871,0.0032999999999999,mlp_FashionMNIST_seed1_entropy_history.csv
3,mlp,FashionMNIST,1,42,relu2,4.677847729724534,0.3432750247478485,0.3511745146989822,0.8743,0.871,0.0032999999999999,mlp_FashionMNIST_seed1_entropy_history.csv
4,mlp,FashionMNIST,1,42,relu1,4.093809584762164,0.3220932770729064,0.3391755434036255,0.8823,0.8726,0.0096999999999999,mlp_FashionMNIST_seed1_entropy_history.csv
4,mlp,FashionMNIST,1,42,relu2,4.457696418620432,0.3220932770729064,0.3391755434036255,0.8823,0.8726,0.0096999999999999,mlp_FashionMNIST_seed1_entropy_history.csv
5,mlp,FashionMNIST,1,42,relu1,4.023914347937156,0.2989227840614319,0.3095317077875137,0.88922,0.8805,0.00872,mlp_FashionMNIST_seed1_entropy_history.csv
5,mlp,FashionMNIST,1,42,relu2,4.353996632813767,0.2989227840614319,0.3095317077875137,0.88922,0.8805,0.00872,mlp_FashionMNIST_seed1_entropy_history.csv
6,mlp,FashionMNIST,1,42,relu1,3.8835909456997566,0.2813117883348465,0.3237019463300705,0.896,0.8814,0.0146,mlp_FashionMNIST_seed1_entropy_history.csv
6,mlp,FashionMNIST,1,42,relu2,4.33187349770102,0.2813117883348465,0.3237019463300705,0.896,0.8814,0.0146,mlp_FashionMNIST_seed1_entropy_history.csv
7,mlp,FashionMNIST,1,42,relu1,3.7472068297105534,0.2668103795957565,0.3160519803762436,0.90164,0.8844,0.01724,mlp_FashionMNIST_seed1_entropy_history.csv
7,mlp,FashionMNIST,1,42,relu2,4.327152852129807,0.2668103795957565,0.3160519803762436,0.90164,0.8844,0.01724,mlp_FashionMNIST_seed1_entropy_history.csv
8,mlp,FashionMNIST,1,42,relu1,3.5799523560609496,0.2532548542976379,0.3152569175720215,0.9064,0.8819,0.0244999999999999,mlp_FashionMNIST_seed1_entropy_history.csv
8,mlp,FashionMNIST,1,42,relu2,4.221797406030517,0.2532548542976379,0.3152569175720215,0.9064,0.8819,0.0244999999999999,mlp_FashionMNIST_seed1_entropy_history.csv
9,mlp,FashionMNIST,1,42,relu1,3.4854253258189893,0.2449219797515869,0.3438947005152702,0.90884,0.8753,0.03354,mlp_FashionMNIST_seed1_entropy_history.csv
9,mlp,FashionMNIST,1,42,relu2,4.154530944764931,0.2449219797515869,0.3438947005152702,0.90884,0.8753,0.03354,mlp_FashionMNIST_seed1_entropy_history.csv
10,mlp,FashionMNIST,1,42,relu1,3.438005593063056,0.2357237086486816,0.3175684146404266,0.91236,0.8869,0.0254599999999999,mlp_FashionMNIST_seed1_entropy_history.csv
10,mlp,FashionMNIST,1,42,relu2,4.241558128931943,0.2357237086486816,0.3175684146404266,0.91236,0.8869,0.0254599999999999,mlp_FashionMNIST_seed1_entropy_history.csv
11,mlp,FashionMNIST,1,42,relu1,3.3676265318297154,0.2213435216760635,0.3248865095853805,0.91738,0.8827,0.0346799999999999,mlp_FashionMNIST_seed1_entropy_history.csv
11,mlp,FashionMNIST,1,42,relu2,4.184481192122964,0.2213435216760635,0.3248865095853805,0.91738,0.8827,0.0346799999999999,mlp_FashionMNIST_seed1_entropy_history.csv
12,mlp,FashionMNIST,1,42,relu1,3.2494152316328364,0.2118989295554161,0.3035125338554382,0.92,0.8899,0.0301,mlp_FashionMNIST_seed1_entropy_history.csv
12,mlp,FashionMNIST,1,42,relu2,4.030789225242272,0.2118989295554161,0.3035125338554382,0.92,0.8899,0.0301,mlp_FashionMNIST_seed1_entropy_history.csv
13,mlp,FashionMNIST,1,42,relu1,3.1998375559862198,0.2035737343788147,0.3191087800502777,0.92382,0.8882,0.0356199999999999,mlp_FashionMNIST_seed1_entropy_history.csv
13,mlp,FashionMNIST,1,42,relu2,4.071592266146856,0.2035737343788147,0.3191087800502777,0.92382,0.8882,0.0356199999999999,mlp_FashionMNIST_seed1_entropy_history.csv
14,mlp,FashionMNIST,1,42,relu1,3.2295823115293647,0.1923564788150787,0.3245854899406433,0.92776,0.8877,0.0400599999999999,mlp_FashionMNIST_seed1_entropy_history.csv
14,mlp,FashionMNIST,1,42,relu2,4.10008066394613,0.1923564788150787,0.3245854899406433,0.92776,0.8877,0.0400599999999999,mlp_FashionMNIST_seed1_entropy_history.csv
15,mlp,FashionMNIST,1,42,relu1,3.1774540347649296,0.1842942658090591,0.3240932022333145,0.92974,0.8874,0.04234,mlp_FashionMNIST_seed1_entropy_history.csv
15,mlp,FashionMNIST,1,42,relu2,4.087796418022658,0.1842942658090591,0.3240932022333145,0.92974,0.8874,0.04234,mlp_FashionMNIST_seed1_entropy_history.csv
16,mlp,FashionMNIST,1,42,relu1,3.0187342219214908,0.1768470171165466,0.3132069672107696,0.93438,0.8946,0.03978,mlp_FashionMNIST_seed1_entropy_history.csv
16,mlp,FashionMNIST,1,42,relu2,4.035676949525097,0.1768470171165466,0.3132069672107696,0.93438,0.8946,0.03978,mlp_FashionMNIST_seed1_entropy_history.csv
17,mlp,FashionMNIST,1,42,relu1,3.005855683630232,0.166714106221199,0.3476909800171852,0.93804,0.8859,0.0521399999999999,mlp_FashionMNIST_seed1_entropy_history.csv
17,mlp,FashionMNIST,1,42,relu2,3.9675414405305576,0.166714106221199,0.3476909800171852,0.93804,0.8859,0.0521399999999999,mlp_FashionMNIST_seed1_entropy_history.csv
18,mlp,FashionMNIST,1,42,relu1,3.0461821050782647,0.1616464581060409,0.3561365269422531,0.93964,0.8907,0.0489399999999999,mlp_FashionMNIST_seed1_entropy_history.csv
18,mlp,FashionMNIST,1,42,relu2,4.026490759416435,0.1616464581060409,0.3561365269422531,0.93964,0.8907,0.0489399999999999,mlp_FashionMNIST_seed1_entropy_history.csv
19,mlp,FashionMNIST,1,42,relu1,3.0065186247652136,0.1544314011669159,0.3308411009311676,0.94136,0.8941,0.0472599999999999,mlp_FashionMNIST_seed1_entropy_history.csv
19,mlp,FashionMNIST,1,42,relu2,3.8810290972606887,0.1544314011669159,0.3308411009311676,0.94136,0.8941,0.0472599999999999,mlp_FashionMNIST_seed1_entropy_history.csv
20,mlp,FashionMNIST,1,42,relu1,2.9075355809249936,0.1479058635640144,0.3598896815061569,0.9433,0.8868,0.0564999999999999,mlp_FashionMNIST_seed1_entropy_history.csv
20,mlp,FashionMNIST,1,42,relu2,3.8783509610839575,0.1479058635640144,0.3598896815061569,0.9433,0.8868,0.0564999999999999,mlp_FashionMNIST_seed1_entropy_history.csv
21,mlp,FashionMNIST,1,42,relu1,2.9881927751267683,0.1415086507081985,0.3640869295358658,0.94632,0.892,0.05432,mlp_FashionMNIST_seed1_entropy_history.csv
21,mlp,FashionMNIST,1,42,relu2,3.9947132880027594,0.1415086507081985,0.3640869295358658,0.94632,0.892,0.05432,mlp_FashionMNIST_seed1_entropy_history.csv
22,mlp,FashionMNIST,1,42,relu1,2.9920308023058504,0.1340628106331825,0.3695463272809982,0.94942,0.8884,0.06102,mlp_FashionMNIST_seed1_entropy_history.csv
22,mlp,FashionMNIST,1,42,relu2,3.9281273345588144,0.1340628106331825,0.3695463272809982,0.94942,0.8884,0.06102,mlp_FashionMNIST_seed1_entropy_history.csv
23,mlp,FashionMNIST,1,42,relu1,2.906160015673574,0.1260448520040512,0.3883706845760345,0.95136,0.8867,0.0646599999999999,mlp_FashionMNIST_seed1_entropy_history.csv
23,mlp,FashionMNIST,1,42,relu2,3.8452999512130206,0.1260448520040512,0.3883706845760345,0.95136,0.8867,0.0646599999999999,mlp_FashionMNIST_seed1_entropy_history.csv
24,mlp,FashionMNIST,1,42,relu1,2.814307762716376,0.1260692023944854,0.3733900243997574,0.9526,0.8884,0.0642,mlp_FashionMNIST_seed1_entropy_history.csv
24,mlp,FashionMNIST,1,42,relu2,3.876370595211229,0.1260692023944854,0.3733900243997574,0.9526,0.8884,0.0642,mlp_FashionMNIST_seed1_entropy_history.csv
25,mlp,FashionMNIST,1,42,relu1,2.860606233427608,0.1187800558567047,0.3794933687448502,0.95518,0.8938,0.0613799999999999,mlp_FashionMNIST_seed1_entropy_history.csv
25,mlp,FashionMNIST,1,42,relu2,3.860194173552006,0.1187800558567047,0.3794933687448502,0.95518,0.8938,0.0613799999999999,mlp_FashionMNIST_seed1_entropy_history.csv
26,mlp,FashionMNIST,1,42,relu1,2.797107746265585,0.1126211051797866,0.3829991421937943,0.95818,0.8951,0.06308,mlp_FashionMNIST_seed1_entropy_history.csv
26,mlp,FashionMNIST,1,42,relu2,3.8550118645918334,0.1126211051797866,0.3829991421937943,0.95818,0.8951,0.06308,mlp_FashionMNIST_seed1_entropy_history.csv
27,mlp,FashionMNIST,1,42,relu1,2.829050001696193,0.1093396485114097,0.4114995143294334,0.95814,0.8889,0.0692399999999999,mlp_FashionMNIST_seed1_entropy_history.csv
27,mlp,FashionMNIST,1,42,relu2,3.8871400516045433,0.1093396485114097,0.4114995143294334,0.95814,0.8889,0.0692399999999999,mlp_FashionMNIST_seed1_entropy_history.csv
28,mlp,FashionMNIST,1,42,relu1,2.8666295052597843,0.1033756967544555,0.4036618059396744,0.96134,0.8921,0.0692399999999999,mlp_FashionMNIST_seed1_entropy_history.csv
28,mlp,FashionMNIST,1,42,relu2,3.815223077158071,0.1033756967544555,0.4036618059396744,0.96134,0.8921,0.0692399999999999,mlp_FashionMNIST_seed1_entropy_history.csv
29,mlp,FashionMNIST,1,42,relu1,2.867518114426167,0.0992787684559822,0.4355442970752716,0.96214,0.8891,0.07304,mlp_FashionMNIST_seed1_entropy_history.csv
29,mlp,FashionMNIST,1,42,relu2,3.882753336090668,0.0992787684559822,0.4355442970752716,0.96214,0.8891,0.07304,mlp_FashionMNIST_seed1_entropy_history.csv
30,mlp,FashionMNIST,1,42,relu1,2.848190050991028,0.0924955668401718,0.448415755701065,0.96526,0.8904,0.07486,mlp_FashionMNIST_seed1_entropy_history.csv
30,mlp,FashionMNIST,1,42,relu2,3.9121299979870936,0.0924955668401718,0.448415755701065,0.96526,0.8904,0.07486,mlp_FashionMNIST_seed1_entropy_history.csv
1,mlp,FashionMNIST,2,42,relu1,5.312858695725381,0.5344419760990143,0.4308437222480774,0.80768,0.8429,-0.03522,mlp_FashionMNIST_seed2_entropy_history.csv
1,mlp,FashionMNIST,2,42,relu2,5.336168478645165,0.5344419760990143,0.4308437222480774,0.80768,0.8429,-0.03522,mlp_FashionMNIST_seed2_entropy_history.csv
2,mlp,FashionMNIST,2,42,relu1,4.777651260621323,0.3847921603965759,0.3737272022485733,0.861,0.8629,-0.0019,mlp_FashionMNIST_seed2_entropy_history.csv
2,mlp,FashionMNIST,2,42,relu2,5.060499142468049,0.3847921603965759,0.3737272022485733,0.861,0.8629,-0.0019,mlp_FashionMNIST_seed2_entropy_history.csv
3,mlp,FashionMNIST,2,42,relu1,4.400057589419424,0.3438522629833221,0.3450859786272049,0.87362,0.8732,0.0004199999999999,mlp_FashionMNIST_seed2_entropy_history.csv
3,mlp,FashionMNIST,2,42,relu2,4.821479941076008,0.3438522629833221,0.3450859786272049,0.87362,0.8732,0.0004199999999999,mlp_FashionMNIST_seed2_entropy_history.csv
4,mlp,FashionMNIST,2,42,relu1,4.200623618212328,0.3206980806684494,0.3221928639650345,0.88116,0.88,0.00116,mlp_FashionMNIST_seed2_entropy_history.csv
4,mlp,FashionMNIST,2,42,relu2,4.763534953975137,0.3206980806684494,0.3221928639650345,0.88116,0.88,0.00116,mlp_FashionMNIST_seed2_entropy_history.csv
5,mlp,FashionMNIST,2,42,relu1,4.039372118414015,0.2972348241329193,0.3199756343245506,0.8903,0.8829,0.0073999999999999,mlp_FashionMNIST_seed2_entropy_history.csv
5,mlp,FashionMNIST,2,42,relu2,4.665955485293141,0.2972348241329193,0.3199756343245506,0.8903,0.8829,0.0073999999999999,mlp_FashionMNIST_seed2_entropy_history.csv
6,mlp,FashionMNIST,2,42,relu1,3.84839684859876,0.2817672147941589,0.3159499029874801,0.8967,0.8812,0.0155,mlp_FashionMNIST_seed2_entropy_history.csv
6,mlp,FashionMNIST,2,42,relu2,4.56942592128459,0.2817672147941589,0.3159499029874801,0.8967,0.8812,0.0155,mlp_FashionMNIST_seed2_entropy_history.csv
7,mlp,FashionMNIST,2,42,relu1,3.693693502617141,0.2650594754314422,0.3132266148328781,0.90212,0.8839,0.01822,mlp_FashionMNIST_seed2_entropy_history.csv
7,mlp,FashionMNIST,2,42,relu2,4.533601061711491,0.2650594754314422,0.3132266148328781,0.90212,0.8839,0.01822,mlp_FashionMNIST_seed2_entropy_history.csv
8,mlp,FashionMNIST,2,42,relu1,3.4652928329825765,0.2542974765348434,0.3167222614049911,0.90618,0.8846,0.0215799999999999,mlp_FashionMNIST_seed2_entropy_history.csv
8,mlp,FashionMNIST,2,42,relu2,4.360566663295108,0.2542974765348434,0.3167222614049911,0.90618,0.8846,0.0215799999999999,mlp_FashionMNIST_seed2_entropy_history.csv
9,mlp,FashionMNIST,2,42,relu1,3.527511805062527,0.2398007846927642,0.3151401931405067,0.90992,0.8867,0.0232199999999999,mlp_FashionMNIST_seed2_entropy_history.csv
9,mlp,FashionMNIST,2,42,relu2,4.439632266774692,0.2398007846927642,0.3151401931405067,0.90992,0.8867,0.0232199999999999,mlp_FashionMNIST_seed2_entropy_history.csv
10,mlp,FashionMNIST,2,42,relu1,3.452180930510741,0.2266323523807525,0.3108294397830963,0.91538,0.8867,0.0286799999999999,mlp_FashionMNIST_seed2_entropy_history.csv
10,mlp,FashionMNIST,2,42,relu2,4.251360302656387,0.2266323523807525,0.3108294397830963,0.91538,0.8867,0.0286799999999999,mlp_FashionMNIST_seed2_entropy_history.csv
11,mlp,FashionMNIST,2,42,relu1,3.3800471484396413,0.2171945463085174,0.3159495877027511,0.91894,0.8867,0.0322399999999999,mlp_FashionMNIST_seed2_entropy_history.csv
11,mlp,FashionMNIST,2,42,relu2,4.343836887480991,0.2171945463085174,0.3159495877027511,0.91894,0.8867,0.0322399999999999,mlp_FashionMNIST_seed2_entropy_history.csv
12,mlp,FashionMNIST,2,42,relu1,3.2918826918066437,0.2071258507061004,0.3092140919446945,0.92284,0.8904,0.03244,mlp_FashionMNIST_seed2_entropy_history.csv
12,mlp,FashionMNIST,2,42,relu2,4.256598026431312,0.2071258507061004,0.3092140919446945,0.92284,0.8904,0.03244,mlp_FashionMNIST_seed2_entropy_history.csv
13,mlp,FashionMNIST,2,42,relu1,3.1564299070747377,0.1982736174678802,0.3004146466255188,0.92612,0.8964,0.02972,mlp_FashionMNIST_seed2_entropy_history.csv
13,mlp,FashionMNIST,2,42,relu2,4.108671935480954,0.1982736174678802,0.3004146466255188,0.92612,0.8964,0.02972,mlp_FashionMNIST_seed2_entropy_history.csv
14,mlp,FashionMNIST,2,42,relu1,3.1245804384149896,0.1892081952047348,0.3203315052986145,0.92982,0.8899,0.0399199999999999,mlp_FashionMNIST_seed2_entropy_history.csv
14,mlp,FashionMNIST,2,42,relu2,4.334256476401594,0.1892081952047348,0.3203315052986145,0.92982,0.8899,0.0399199999999999,mlp_FashionMNIST_seed2_entropy_history.csv
15,mlp,FashionMNIST,2,42,relu1,3.088366923677469,0.1812606524372101,0.3015371679544449,0.93158,0.8962,0.0353799999999999,mlp_FashionMNIST_seed2_entropy_history.csv
15,mlp,FashionMNIST,2,42,relu2,4.277487002025186,0.1812606524372101,0.3015371679544449,0.93158,0.8962,0.0353799999999999,mlp_FashionMNIST_seed2_entropy_history.csv
16,mlp,FashionMNIST,2,42,relu1,3.040550911563321,0.171445672135353,0.3167399328947067,0.9357,0.892,0.0436999999999999,mlp_FashionMNIST_seed2_entropy_history.csv
16,mlp,FashionMNIST,2,42,relu2,4.20276779220208,0.171445672135353,0.3167399328947067,0.9357,0.892,0.0436999999999999,mlp_FashionMNIST_seed2_entropy_history.csv
17,mlp,FashionMNIST,2,42,relu1,2.9313003914795046,0.1640364013195037,0.3105342896461487,0.93958,0.8947,0.0448799999999999,mlp_FashionMNIST_seed2_entropy_history.csv
17,mlp,FashionMNIST,2,42,relu2,4.074129906107933,0.1640364013195037,0.3105342896461487,0.93958,0.8947,0.0448799999999999,mlp_FashionMNIST_seed2_entropy_history.csv
18,mlp,FashionMNIST,2,42,relu1,3.04427825698678,0.156791819243431,0.3147893940210342,0.94124,0.8989,0.0423399999999999,mlp_FashionMNIST_seed2_entropy_history.csv
18,mlp,FashionMNIST,2,42,relu2,4.048547694113927,0.156791819243431,0.3147893940210342,0.94124,0.8989,0.0423399999999999,mlp_FashionMNIST_seed2_entropy_history.csv
19,mlp,FashionMNIST,2,42,relu1,2.92532719273487,0.1518676289772987,0.3484241908431053,0.9419,0.8872,0.0546999999999999,mlp_FashionMNIST_seed2_entropy_history.csv
19,mlp,FashionMNIST,2,42,relu2,4.096678295315402,0.1518676289772987,0.3484241908431053,0.9419,0.8872,0.0546999999999999,mlp_FashionMNIST_seed2_entropy_history.csv
20,mlp,FashionMNIST,2,42,relu1,2.91961226473739,0.1442351906585693,0.3645761558055878,0.94546,0.8843,0.0611599999999999,mlp_FashionMNIST_seed2_entropy_history.csv
20,mlp,FashionMNIST,2,42,relu2,4.022838286854904,0.1442351906585693,0.3645761558055878,0.94546,0.8843,0.0611599999999999,mlp_FashionMNIST_seed2_entropy_history.csv
21,mlp,FashionMNIST,2,42,relu1,2.9156728596935944,0.1357020319938659,0.3536534056186676,0.94886,0.8967,0.0521599999999999,mlp_FashionMNIST_seed2_entropy_history.csv
21,mlp,FashionMNIST,2,42,relu2,4.094307659854084,0.1357020319938659,0.3536534056186676,0.94886,0.8967,0.0521599999999999,mlp_FashionMNIST_seed2_entropy_history.csv
22,mlp,FashionMNIST,2,42,relu1,2.8076934842937264,0.1323238571262359,0.37040580868721,0.95012,0.8902,0.0599199999999999,mlp_FashionMNIST_seed2_entropy_history.csv
22,mlp,FashionMNIST,2,42,relu2,3.966859066265893,0.1323238571262359,0.37040580868721,0.95012,0.8902,0.0599199999999999,mlp_FashionMNIST_seed2_entropy_history.csv
23,mlp,FashionMNIST,2,42,relu1,2.815193493101624,0.1232424370098114,0.3571438399076462,0.95368,0.8925,0.06118,mlp_FashionMNIST_seed2_entropy_history.csv
23,mlp,FashionMNIST,2,42,relu2,4.106007803869575,0.1232424370098114,0.3571438399076462,0.95368,0.8925,0.06118,mlp_FashionMNIST_seed2_entropy_history.csv
24,mlp,FashionMNIST,2,42,relu1,2.82872489303618,0.1201514535284042,0.3649173001289367,0.9551,0.8994,0.0556999999999999,mlp_FashionMNIST_seed2_entropy_history.csv
24,mlp,FashionMNIST,2,42,relu2,4.0705313746321,0.1201514535284042,0.3649173001289367,0.9551,0.8994,0.0556999999999999,mlp_FashionMNIST_seed2_entropy_history.csv
25,mlp,FashionMNIST,2,42,relu1,2.8820733987126026,0.1143661009335517,0.3787194717168808,0.95708,0.8981,0.05898,mlp_FashionMNIST_seed2_entropy_history.csv
25,mlp,FashionMNIST,2,42,relu2,4.097251352612993,0.1143661009335517,0.3787194717168808,0.95708,0.8981,0.05898,mlp_FashionMNIST_seed2_entropy_history.csv
26,mlp,FashionMNIST,2,42,relu1,2.8256146182793542,0.1115972099637985,0.4041891220092773,0.95736,0.8893,0.06806,mlp_FashionMNIST_seed2_entropy_history.csv
26,mlp,FashionMNIST,2,42,relu2,3.905552321488901,0.1115972099637985,0.4041891220092773,0.95736,0.8893,0.06806,mlp_FashionMNIST_seed2_entropy_history.csv
27,mlp,FashionMNIST,2,42,relu1,2.7448519110739418,0.104498851211071,0.4040645859718322,0.96132,0.8947,0.0666199999999999,mlp_FashionMNIST_seed2_entropy_history.csv
27,mlp,FashionMNIST,2,42,relu2,3.947669759239537,0.104498851211071,0.4040645859718322,0.96132,0.8947,0.0666199999999999,mlp_FashionMNIST_seed2_entropy_history.csv
28,mlp,FashionMNIST,2,42,relu1,2.767941682370444,0.1001257468891143,0.392580755841732,0.9625,0.894,0.0685,mlp_FashionMNIST_seed2_entropy_history.csv
28,mlp,FashionMNIST,2,42,relu2,3.875222582554054,0.1001257468891143,0.392580755841732,0.9625,0.894,0.0685,mlp_FashionMNIST_seed2_entropy_history.csv
29,mlp,FashionMNIST,2,42,relu1,2.767189618848999,0.0943194277524948,0.4165866621732711,0.96456,0.8933,0.0712599999999999,mlp_FashionMNIST_seed2_entropy_history.csv
29,mlp,FashionMNIST,2,42,relu2,3.967942439638293,0.0943194277524948,0.4165866621732711,0.96456,0.8933,0.0712599999999999,mlp_FashionMNIST_seed2_entropy_history.csv
30,mlp,FashionMNIST,2,42,relu1,2.7184903523794275,0.0919492992866039,0.4432432943820953,0.9656,0.8887,0.0768999999999999,mlp_FashionMNIST_seed2_entropy_history.csv
30,mlp,FashionMNIST,2,42,relu2,3.869442410008117,0.0919492992866039,0.4432432943820953,0.9656,0.8887,0.0768999999999999,mlp_FashionMNIST_seed2_entropy_history.csv
1,mlp,FashionMNIST,3,42,relu1,5.423650713911206,0.5454959053897858,0.4112071596622467,0.8032,0.8506,-0.0474,mlp_FashionMNIST_seed3_entropy_history.csv
1,mlp,FashionMNIST,3,42,relu2,4.990430107921737,0.5454959053897858,0.4112071596622467,0.8032,0.8506,-0.0474,mlp_FashionMNIST_seed3_entropy_history.csv
2,mlp,FashionMNIST,3,42,relu1,4.952219451149616,0.388476496143341,0.391943879365921,0.85872,0.8526,0.00612,mlp_FashionMNIST_seed3_entropy_history.csv
2,mlp,FashionMNIST,3,42,relu2,4.883325636731001,0.388476496143341,0.391943879365921,0.85872,0.8526,0.00612,mlp_FashionMNIST_seed3_entropy_history.csv
3,mlp,FashionMNIST,3,42,relu1,4.681200405665613,0.3463378202915191,0.3588974669933319,0.8725,0.863,0.0095,mlp_FashionMNIST_seed3_entropy_history.csv
3,mlp,FashionMNIST,3,42,relu2,4.66706521410925,0.3463378202915191,0.3588974669933319,0.8725,0.863,0.0095,mlp_FashionMNIST_seed3_entropy_history.csv
4,mlp,FashionMNIST,3,42,relu1,4.3332004313723695,0.3207338984584808,0.339906304359436,0.88024,0.8721,0.00814,mlp_FashionMNIST_seed3_entropy_history.csv
4,mlp,FashionMNIST,3,42,relu2,4.58903173558946,0.3207338984584808,0.339906304359436,0.88024,0.8721,0.00814,mlp_FashionMNIST_seed3_entropy_history.csv
5,mlp,FashionMNIST,3,42,relu1,4.087793506025399,0.2974054247093201,0.325279377746582,0.89044,0.8799,0.0105399999999999,mlp_FashionMNIST_seed3_entropy_history.csv
5,mlp,FashionMNIST,3,42,relu2,4.492154580852215,0.2974054247093201,0.325279377746582,0.89044,0.8799,0.0105399999999999,mlp_FashionMNIST_seed3_entropy_history.csv
6,mlp,FashionMNIST,3,42,relu1,3.934095936549156,0.2818712925386429,0.3207442736625671,0.89522,0.8809,0.01432,mlp_FashionMNIST_seed3_entropy_history.csv
6,mlp,FashionMNIST,3,42,relu2,4.503735033253969,0.2818712925386429,0.3207442736625671,0.89522,0.8809,0.01432,mlp_FashionMNIST_seed3_entropy_history.csv
7,mlp,FashionMNIST,3,42,relu1,3.7459397792886735,0.2677960593700409,0.339607363653183,0.89906,0.8743,0.02476,mlp_FashionMNIST_seed3_entropy_history.csv
7,mlp,FashionMNIST,3,42,relu2,4.311814442453858,0.2677960593700409,0.339607363653183,0.89906,0.8743,0.02476,mlp_FashionMNIST_seed3_entropy_history.csv
8,mlp,FashionMNIST,3,42,relu1,3.693611877284712,0.256239895734787,0.3089698303461075,0.904,0.8847,0.0192999999999999,mlp_FashionMNIST_seed3_entropy_history.csv
8,mlp,FashionMNIST,3,42,relu2,4.298921846973198,0.256239895734787,0.3089698303461075,0.904,0.8847,0.0192999999999999,mlp_FashionMNIST_seed3_entropy_history.csv
9,mlp,FashionMNIST,3,42,relu1,3.7049464838261095,0.2410849551486969,0.314228303360939,0.91004,0.8857,0.0243399999999999,mlp_FashionMNIST_seed3_entropy_history.csv
9,mlp,FashionMNIST,3,42,relu2,4.373355506010441,0.2410849551486969,0.314228303360939,0.91004,0.8857,0.0243399999999999,mlp_FashionMNIST_seed3_entropy_history.csv
10,mlp,FashionMNIST,3,42,relu1,3.48751268757062,0.2304081906032562,0.2899446237921714,0.91234,0.8939,0.01844,mlp_FashionMNIST_seed3_entropy_history.csv
10,mlp,FashionMNIST,3,42,relu2,4.240819974416017,0.2304081906032562,0.2899446237921714,0.91234,0.8939,0.01844,mlp_FashionMNIST_seed3_entropy_history.csv
11,mlp,FashionMNIST,3,42,relu1,3.297983086422407,0.2209350304985046,0.3261962211608886,0.91606,0.8838,0.0322599999999999,mlp_FashionMNIST_seed3_entropy_history.csv
11,mlp,FashionMNIST,3,42,relu2,4.204251053097495,0.2209350304985046,0.3261962211608886,0.91606,0.8838,0.0322599999999999,mlp_FashionMNIST_seed3_entropy_history.csv
12,mlp,FashionMNIST,3,42,relu1,3.5105284286212832,0.2090713132429122,0.2993078790426254,0.92164,0.894,0.0276399999999999,mlp_FashionMNIST_seed3_entropy_history.csv
12,mlp,FashionMNIST,3,42,relu2,4.319051644904853,0.2090713132429122,0.2993078790426254,0.92164,0.894,0.0276399999999999,mlp_FashionMNIST_seed3_entropy_history.csv
13,mlp,FashionMNIST,3,42,relu1,3.2471853478292454,0.1996005039238929,0.3105139341831207,0.92374,0.8928,0.0309399999999999,mlp_FashionMNIST_seed3_entropy_history.csv
13,mlp,FashionMNIST,3,42,relu2,4.053874562047228,0.1996005039238929,0.3105139341831207,0.92374,0.8928,0.0309399999999999,mlp_FashionMNIST_seed3_entropy_history.csv
14,mlp,FashionMNIST,3,42,relu1,3.201937888511328,0.1933878431987762,0.3045114312887191,0.92688,0.8927,0.0341799999999999,mlp_FashionMNIST_seed3_entropy_history.csv
14,mlp,FashionMNIST,3,42,relu2,4.091324855392752,0.1933878431987762,0.3045114312887191,0.92688,0.8927,0.0341799999999999,mlp_FashionMNIST_seed3_entropy_history.csv
15,mlp,FashionMNIST,3,42,relu1,3.256907734032353,0.1826565087437629,0.2992931560277939,0.93114,0.8959,0.0352399999999999,mlp_FashionMNIST_seed3_entropy_history.csv
15,mlp,FashionMNIST,3,42,relu2,3.9936642288102897,0.1826565087437629,0.2992931560277939,0.93114,0.8959,0.0352399999999999,mlp_FashionMNIST_seed3_entropy_history.csv
16,mlp,FashionMNIST,3,42,relu1,3.2661426542522904,0.1728967100381851,0.3189024730443954,0.93418,0.8938,0.0403799999999999,mlp_FashionMNIST_seed3_entropy_history.csv
16,mlp,FashionMNIST,3,42,relu2,4.114731975864282,0.1728967100381851,0.3189024730443954,0.93418,0.8938,0.0403799999999999,mlp_FashionMNIST_seed3_entropy_history.csv
17,mlp,FashionMNIST,3,42,relu1,3.08468780207909,0.1645901356434822,0.3238556448698044,0.93794,0.893,0.0449399999999999,mlp_FashionMNIST_seed3_entropy_history.csv
17,mlp,FashionMNIST,3,42,relu2,4.051460537119608,0.1645901356434822,0.3238556448698044,0.93794,0.893,0.0449399999999999,mlp_FashionMNIST_seed3_entropy_history.csv
18,mlp,FashionMNIST,3,42,relu1,3.0160084088780272,0.1598299076223373,0.3509675264835357,0.94052,0.8868,0.0537199999999999,mlp_FashionMNIST_seed3_entropy_history.csv
18,mlp,FashionMNIST,3,42,relu2,3.976828948802665,0.1598299076223373,0.3509675264835357,0.94052,0.8868,0.0537199999999999,mlp_FashionMNIST_seed3_entropy_history.csv
19,mlp,FashionMNIST,3,42,relu1,3.0023211237032608,0.155572589495182,0.3422266151428222,0.94088,0.8895,0.05138,mlp_FashionMNIST_seed3_entropy_history.csv
19,mlp,FashionMNIST,3,42,relu2,3.9274702837391584,0.155572589495182,0.3422266151428222,0.94088,0.8895,0.05138,mlp_FashionMNIST_seed3_entropy_history.csv
20,mlp,FashionMNIST,3,42,relu1,3.0586701414576694,0.1477874609088897,0.355155356144905,0.94364,0.8875,0.05614,mlp_FashionMNIST_seed3_entropy_history.csv
20,mlp,FashionMNIST,3,42,relu2,3.942757066957839,0.1477874609088897,0.355155356144905,0.94364,0.8875,0.05614,mlp_FashionMNIST_seed3_entropy_history.csv
21,mlp,FashionMNIST,3,42,relu1,3.0281123500054434,0.1394825307750702,0.3503408146858215,0.94738,0.8912,0.05618,mlp_FashionMNIST_seed3_entropy_history.csv
21,mlp,FashionMNIST,3,42,relu2,3.909391672397977,0.1394825307750702,0.3503408146858215,0.94738,0.8912,0.05618,mlp_FashionMNIST_seed3_entropy_history.csv
22,mlp,FashionMNIST,3,42,relu1,3.0040674356133947,0.1326046095323562,0.3481709251403808,0.9505,0.8939,0.0565999999999999,mlp_FashionMNIST_seed3_entropy_history.csv
22,mlp,FashionMNIST,3,42,relu2,3.893061130333799,0.1326046095323562,0.3481709251403808,0.9505,0.8939,0.0565999999999999,mlp_FashionMNIST_seed3_entropy_history.csv
23,mlp,FashionMNIST,3,42,relu1,3.0216654850461206,0.1252907573461532,0.3553790056705475,0.9525,0.8915,0.061,mlp_FashionMNIST_seed3_entropy_history.csv
23,mlp,FashionMNIST,3,42,relu2,3.825786975131397,0.1252907573461532,0.3553790056705475,0.9525,0.8915,0.061,mlp_FashionMNIST_seed3_entropy_history.csv
24,mlp,FashionMNIST,3,42,relu1,2.9420852619896194,0.1183966861724853,0.342762287735939,0.95596,0.8993,0.05666,mlp_FashionMNIST_seed3_entropy_history.csv
24,mlp,FashionMNIST,3,42,relu2,3.7651221828224575,0.1183966861724853,0.342762287735939,0.95596,0.8993,0.05666,mlp_FashionMNIST_seed3_entropy_history.csv
25,mlp,FashionMNIST,3,42,relu1,2.9035189715364567,0.1174404653859138,0.3602058574199676,0.95582,0.8977,0.0581199999999999,mlp_FashionMNIST_seed3_entropy_history.csv
25,mlp,FashionMNIST,3,42,relu2,3.6892671361929343,0.1174404653859138,0.3602058574199676,0.95582,0.8977,0.0581199999999999,mlp_FashionMNIST_seed3_entropy_history.csv
26,mlp,FashionMNIST,3,42,relu1,2.9005099867625126,0.1119739516210556,0.3654926930189133,0.95848,0.8944,0.06408,mlp_FashionMNIST_seed3_entropy_history.csv
26,mlp,FashionMNIST,3,42,relu2,3.735926181648226,0.1119739516210556,0.3654926930189133,0.95848,0.8944,0.06408,mlp_FashionMNIST_seed3_entropy_history.csv
27,mlp,FashionMNIST,3,42,relu1,2.9372713272603237,0.1032144886398315,0.3832091401576996,0.96128,0.8945,0.06678,mlp_FashionMNIST_seed3_entropy_history.csv
27,mlp,FashionMNIST,3,42,relu2,3.860948410476812,0.1032144886398315,0.3832091401576996,0.96128,0.8945,0.06678,mlp_FashionMNIST_seed3_entropy_history.csv
28,mlp,FashionMNIST,3,42,relu1,2.93102934932932,0.0998674389481544,0.3861512137413025,0.9624,0.8966,0.0658,mlp_FashionMNIST_seed3_entropy_history.csv
28,mlp,FashionMNIST,3,42,relu2,3.752346983879668,0.0998674389481544,0.3861512137413025,0.9624,0.8966,0.0658,mlp_FashionMNIST_seed3_entropy_history.csv
29,mlp,FashionMNIST,3,42,relu1,2.919120566089055,0.0927738971114158,0.405389065003395,0.96518,0.8936,0.07158,mlp_FashionMNIST_seed3_entropy_history.csv
29,mlp,FashionMNIST,3,42,relu2,3.762731182582273,0.0927738971114158,0.405389065003395,0.96518,0.8936,0.07158,mlp_FashionMNIST_seed3_entropy_history.csv
30,mlp,FashionMNIST,3,42,relu1,2.8348055472439,0.0928478336477279,0.4285814694166183,0.96508,0.8855,0.0795800000000001,mlp_FashionMNIST_seed3_entropy_history.csv
30,mlp,FashionMNIST,3,42,relu2,3.755505737506355,0.0928478336477279,0.4285814694166183,0.96508,0.8855,0.0795800000000001,mlp_FashionMNIST_seed3_entropy_history.csv
1,mlp,FashionMNIST,4,42,relu1,5.137732398512805,0.5423464234161377,0.4220190598487854,0.80422,0.8389,-0.0346799999999999,mlp_FashionMNIST_seed4_entropy_history.csv
1,mlp,FashionMNIST,4,42,relu2,5.127185544753623,0.5423464234161377,0.4220190598487854,0.80422,0.8389,-0.0346799999999999,mlp_FashionMNIST_seed4_entropy_history.csv
2,mlp,FashionMNIST,4,42,relu1,4.560387375847101,0.3854027752304077,0.3716760948181152,0.86006,0.8596,0.00046,mlp_FashionMNIST_seed4_entropy_history.csv
2,mlp,FashionMNIST,4,42,relu2,4.9310357732393175,0.3854027752304077,0.3716760948181152,0.86006,0.8596,0.00046,mlp_FashionMNIST_seed4_entropy_history.csv
3,mlp,FashionMNIST,4,42,relu1,4.291381237151839,0.3446492149162292,0.3489803466558456,0.8732,0.8691,0.0040999999999999,mlp_FashionMNIST_seed4_entropy_history.csv
3,mlp,FashionMNIST,4,42,relu2,4.818806772410978,0.3446492149162292,0.3489803466558456,0.8732,0.8691,0.0040999999999999,mlp_FashionMNIST_seed4_entropy_history.csv
4,mlp,FashionMNIST,4,42,relu1,4.025632677500684,0.3168379808044433,0.3251343534469604,0.88356,0.8808,0.0027599999999999,mlp_FashionMNIST_seed4_entropy_history.csv
4,mlp,FashionMNIST,4,42,relu2,4.827175748046536,0.3168379808044433,0.3251343534469604,0.88356,0.8808,0.0027599999999999,mlp_FashionMNIST_seed4_entropy_history.csv
5,mlp,FashionMNIST,4,42,relu1,3.7788620932940256,0.2965687565422058,0.3411128745794296,0.89104,0.8742,0.01684,mlp_FashionMNIST_seed4_entropy_history.csv
5,mlp,FashionMNIST,4,42,relu2,4.63155566720048,0.2965687565422058,0.3411128745794296,0.89104,0.8742,0.01684,mlp_FashionMNIST_seed4_entropy_history.csv
6,mlp,FashionMNIST,4,42,relu1,3.667527210671553,0.2825851447868347,0.3160334816217423,0.89436,0.8809,0.01346,mlp_FashionMNIST_seed4_entropy_history.csv
6,mlp,FashionMNIST,4,42,relu2,4.53396469455567,0.2825851447868347,0.3160334816217423,0.89436,0.8809,0.01346,mlp_FashionMNIST_seed4_entropy_history.csv
7,mlp,FashionMNIST,4,42,relu1,3.626990844160408,0.2658235772037506,0.3257475476264954,0.90036,0.8791,0.02126,mlp_FashionMNIST_seed4_entropy_history.csv
7,mlp,FashionMNIST,4,42,relu2,4.694986175654896,0.2658235772037506,0.3257475476264954,0.90036,0.8791,0.02126,mlp_FashionMNIST_seed4_entropy_history.csv
8,mlp,FashionMNIST,4,42,relu1,3.3941581814020703,0.2510089584445953,0.302454797744751,0.90596,0.8862,0.01976,mlp_FashionMNIST_seed4_entropy_history.csv
8,mlp,FashionMNIST,4,42,relu2,4.4407757052223245,0.2510089584445953,0.302454797744751,0.90596,0.8862,0.01976,mlp_FashionMNIST_seed4_entropy_history.csv
9,mlp,FashionMNIST,4,42,relu1,3.2788975429889784,0.2357501937103271,0.2987935487031937,0.91306,0.8939,0.0191599999999999,mlp_FashionMNIST_seed4_entropy_history.csv
9,mlp,FashionMNIST,4,42,relu2,4.444040960458094,0.2357501937103271,0.2987935487031937,0.91306,0.8939,0.0191599999999999,mlp_FashionMNIST_seed4_entropy_history.csv
10,mlp,FashionMNIST,4,42,relu1,3.204960410272188,0.2287166771888732,0.3288608484029769,0.91398,0.8844,0.02958,mlp_FashionMNIST_seed4_entropy_history.csv
10,mlp,FashionMNIST,4,42,relu2,4.331560942449911,0.2287166771888732,0.3288608484029769,0.91398,0.8844,0.02958,mlp_FashionMNIST_seed4_entropy_history.csv
11,mlp,FashionMNIST,4,42,relu1,3.223041920924341,0.2172987218618393,0.3064331064224243,0.92014,0.8898,0.0303399999999999,mlp_FashionMNIST_seed4_entropy_history.csv
11,mlp,FashionMNIST,4,42,relu2,4.227065057753633,0.2172987218618393,0.3064331064224243,0.92014,0.8898,0.0303399999999999,mlp_FashionMNIST_seed4_entropy_history.csv
12,mlp,FashionMNIST,4,42,relu1,3.0569305450752986,0.20837412484169,0.3179605115413665,0.92202,0.8858,0.0362199999999999,mlp_FashionMNIST_seed4_entropy_history.csv
12,mlp,FashionMNIST,4,42,relu2,4.251682153673573,0.20837412484169,0.3179605115413665,0.92202,0.8858,0.0362199999999999,mlp_FashionMNIST_seed4_entropy_history.csv
13,mlp,FashionMNIST,4,42,relu1,3.00911408733375,0.1983334695243835,0.3411772846937179,0.9257,0.8823,0.0433999999999999,mlp_FashionMNIST_seed4_entropy_history.csv
13,mlp,FashionMNIST,4,42,relu2,4.182974958799899,0.1983334695243835,0.3411772846937179,0.9257,0.8823,0.0433999999999999,mlp_FashionMNIST_seed4_entropy_history.csv
14,mlp,FashionMNIST,4,42,relu1,3.1233804845844806,0.186457706489563,0.3524868620634079,0.93044,0.8848,0.04564,mlp_FashionMNIST_seed4_entropy_history.csv
14,mlp,FashionMNIST,4,42,relu2,4.343598164629834,0.186457706489563,0.3524868620634079,0.93044,0.8848,0.04564,mlp_FashionMNIST_seed4_entropy_history.csv
15,mlp,FashionMNIST,4,42,relu1,2.988752113852865,0.1798443822956085,0.3115130649328231,0.93268,0.8954,0.0372799999999999,mlp_FashionMNIST_seed4_entropy_history.csv
15,mlp,FashionMNIST,4,42,relu2,4.256262720542047,0.1798443822956085,0.3115130649328231,0.93268,0.8954,0.0372799999999999,mlp_FashionMNIST_seed4_entropy_history.csv
16,mlp,FashionMNIST,4,42,relu1,2.87071847208893,0.1777317714262008,0.3262343148946762,0.93332,0.8919,0.04142,mlp_FashionMNIST_seed4_entropy_history.csv
16,mlp,FashionMNIST,4,42,relu2,4.108973136858134,0.1777317714262008,0.3262343148946762,0.93332,0.8919,0.04142,mlp_FashionMNIST_seed4_entropy_history.csv
17,mlp,FashionMNIST,4,42,relu1,2.9382573001943806,0.1654000843381881,0.3292516765475273,0.93776,0.8948,0.04296,mlp_FashionMNIST_seed4_entropy_history.csv
17,mlp,FashionMNIST,4,42,relu2,4.002815938695864,0.1654000843381881,0.3292516765475273,0.93776,0.8948,0.04296,mlp_FashionMNIST_seed4_entropy_history.csv
18,mlp,FashionMNIST,4,42,relu1,2.896754623157608,0.1554661455345153,0.3460385998368263,0.94208,0.8944,0.04768,mlp_FashionMNIST_seed4_entropy_history.csv
18,mlp,FashionMNIST,4,42,relu2,4.210658783416972,0.1554661455345153,0.3460385998368263,0.94208,0.8944,0.04768,mlp_FashionMNIST_seed4_entropy_history.csv
19,mlp,FashionMNIST,4,42,relu1,2.8396522379178912,0.1518061137294769,0.3385966787755489,0.9428,0.8948,0.0479999999999999,mlp_FashionMNIST_seed4_entropy_history.csv
19,mlp,FashionMNIST,4,42,relu2,4.085905894218503,0.1518061137294769,0.3385966787755489,0.9428,0.8948,0.0479999999999999,mlp_FashionMNIST_seed4_entropy_history.csv
20,mlp,FashionMNIST,4,42,relu1,2.807527403846679,0.1439087437033653,0.3516408451795578,0.94574,0.886,0.05974,mlp_FashionMNIST_seed4_entropy_history.csv
20,mlp,FashionMNIST,4,42,relu2,4.0176563189205,0.1439087437033653,0.3516408451795578,0.94574,0.886,0.05974,mlp_FashionMNIST_seed4_entropy_history.csv
21,mlp,FashionMNIST,4,42,relu1,2.7723991991023333,0.1361332730960845,0.3489967654943466,0.94874,0.8942,0.05454,mlp_FashionMNIST_seed4_entropy_history.csv
21,mlp,FashionMNIST,4,42,relu2,4.082845644839203,0.1361332730960845,0.3489967654943466,0.94874,0.8942,0.05454,mlp_FashionMNIST_seed4_entropy_history.csv
22,mlp,FashionMNIST,4,42,relu1,2.810582938851237,0.1294063470578193,0.3765208951592445,0.95132,0.8931,0.05822,mlp_FashionMNIST_seed4_entropy_history.csv
22,mlp,FashionMNIST,4,42,relu2,4.136182286797078,0.1294063470578193,0.3765208951592445,0.95132,0.8931,0.05822,mlp_FashionMNIST_seed4_entropy_history.csv
23,mlp,FashionMNIST,4,42,relu1,2.778324050579855,0.122755350279808,0.4281662314653396,0.95338,0.8823,0.07108,mlp_FashionMNIST_seed4_entropy_history.csv
23,mlp,FashionMNIST,4,42,relu2,4.102304888779139,0.122755350279808,0.4281662314653396,0.95338,0.8823,0.07108,mlp_FashionMNIST_seed4_entropy_history.csv
24,mlp,FashionMNIST,4,42,relu1,2.736198234090298,0.1191824384880066,0.3798327727198601,0.95472,0.8936,0.06112,mlp_FashionMNIST_seed4_entropy_history.csv
24,mlp,FashionMNIST,4,42,relu2,4.060286467861724,0.1191824384880066,0.3798327727198601,0.95472,0.8936,0.06112,mlp_FashionMNIST_seed4_entropy_history.csv
25,mlp,FashionMNIST,4,42,relu1,2.777772199686615,0.1124538813376426,0.3997934787988663,0.95722,0.8935,0.06372,mlp_FashionMNIST_seed4_entropy_history.csv
25,mlp,FashionMNIST,4,42,relu2,4.008740441992784,0.1124538813376426,0.3997934787988663,0.95722,0.8935,0.06372,mlp_FashionMNIST_seed4_entropy_history.csv
26,mlp,FashionMNIST,4,42,relu1,2.683627187437277,0.1103610847282409,0.3761494753241539,0.95786,0.895,0.06286,mlp_FashionMNIST_seed4_entropy_history.csv
26,mlp,FashionMNIST,4,42,relu2,4.013774186692377,0.1103610847282409,0.3761494753241539,0.95786,0.895,0.06286,mlp_FashionMNIST_seed4_entropy_history.csv
27,mlp,FashionMNIST,4,42,relu1,2.703686816078272,0.1015643001413345,0.4076141870975494,0.96058,0.8926,0.06798,mlp_FashionMNIST_seed4_entropy_history.csv
27,mlp,FashionMNIST,4,42,relu2,3.959731440505088,0.1015643001413345,0.4076141870975494,0.96058,0.8926,0.06798,mlp_FashionMNIST_seed4_entropy_history.csv
28,mlp,FashionMNIST,4,42,relu1,2.6193182691106465,0.0983996505022049,0.4183630913734436,0.96268,0.893,0.0696799999999999,mlp_FashionMNIST_seed4_entropy_history.csv
28,mlp,FashionMNIST,4,42,relu2,3.97352905882866,0.0983996505022049,0.4183630913734436,0.96268,0.893,0.0696799999999999,mlp_FashionMNIST_seed4_entropy_history.csv
29,mlp,FashionMNIST,4,42,relu1,2.634115162981872,0.1031174119257927,0.4486360734224319,0.96072,0.8892,0.07152,mlp_FashionMNIST_seed4_entropy_history.csv
29,mlp,FashionMNIST,4,42,relu2,3.9287078901900663,0.1031174119257927,0.4486360734224319,0.96072,0.8892,0.07152,mlp_FashionMNIST_seed4_entropy_history.csv
30,mlp,FashionMNIST,4,42,relu1,2.6706586445112546,0.0903022929620742,0.4416025295257568,0.9658,0.8914,0.0744,mlp_FashionMNIST_seed4_entropy_history.csv
30,mlp,FashionMNIST,4,42,relu2,3.9088881447291737,0.0903022929620742,0.4416025295257568,0.9658,0.8914,0.0744,mlp_FashionMNIST_seed4_entropy_history.csv
1,mlp,FashionMNIST,5,42,relu1,5.24660541680222,0.5390776073455811,0.4125013335227966,0.80676,0.8513,-0.0445399999999999,mlp_FashionMNIST_seed5_entropy_history.csv
1,mlp,FashionMNIST,5,42,relu2,5.063634083900096,0.5390776073455811,0.4125013335227966,0.80676,0.8513,-0.0445399999999999,mlp_FashionMNIST_seed5_entropy_history.csv
2,mlp,FashionMNIST,5,42,relu1,4.571194843389751,0.3910174162769317,0.3812623488426208,0.85698,0.8574,-0.00042,mlp_FashionMNIST_seed5_entropy_history.csv
2,mlp,FashionMNIST,5,42,relu2,4.646686324861704,0.3910174162769317,0.3812623488426208,0.85698,0.8574,-0.00042,mlp_FashionMNIST_seed5_entropy_history.csv
3,mlp,FashionMNIST,5,42,relu1,4.306425940992543,0.3428064105033874,0.3435507581710815,0.87392,0.8711,0.00282,mlp_FashionMNIST_seed5_entropy_history.csv
3,mlp,FashionMNIST,5,42,relu2,4.703819340065759,0.3428064105033874,0.3435507581710815,0.87392,0.8711,0.00282,mlp_FashionMNIST_seed5_entropy_history.csv
4,mlp,FashionMNIST,5,42,relu1,4.191812905548213,0.3213685444068909,0.3391178740024567,0.88178,0.875,0.00678,mlp_FashionMNIST_seed5_entropy_history.csv
4,mlp,FashionMNIST,5,42,relu2,4.523053431783287,0.3213685444068909,0.3391178740024567,0.88178,0.875,0.00678,mlp_FashionMNIST_seed5_entropy_history.csv
5,mlp,FashionMNIST,5,42,relu1,4.010745599936538,0.2962927863407135,0.3346738640785217,0.88968,0.8756,0.0140799999999999,mlp_FashionMNIST_seed5_entropy_history.csv
5,mlp,FashionMNIST,5,42,relu2,4.579451707199414,0.2962927863407135,0.3346738640785217,0.88968,0.8756,0.0140799999999999,mlp_FashionMNIST_seed5_entropy_history.csv
6,mlp,FashionMNIST,5,42,relu1,3.831836752391243,0.2782505335330963,0.3327804817438126,0.89714,0.8748,0.02234,mlp_FashionMNIST_seed5_entropy_history.csv
6,mlp,FashionMNIST,5,42,relu2,4.5400161296387616,0.2782505335330963,0.3327804817438126,0.89714,0.8748,0.02234,mlp_FashionMNIST_seed5_entropy_history.csv
7,mlp,FashionMNIST,5,42,relu1,3.47777834408758,0.268229997472763,0.3028438163757324,0.90082,0.8874,0.0134199999999999,mlp_FashionMNIST_seed5_entropy_history.csv
7,mlp,FashionMNIST,5,42,relu2,4.288908997782135,0.268229997472763,0.3028438163757324,0.90082,0.8874,0.0134199999999999,mlp_FashionMNIST_seed5_entropy_history.csv
8,mlp,FashionMNIST,5,42,relu1,3.4835333352759075,0.2520782411289215,0.321854350066185,0.90658,0.8804,0.02618,mlp_FashionMNIST_seed5_entropy_history.csv
8,mlp,FashionMNIST,5,42,relu2,4.2973795771355086,0.2520782411289215,0.321854350066185,0.90658,0.8804,0.02618,mlp_FashionMNIST_seed5_entropy_history.csv
9,mlp,FashionMNIST,5,42,relu1,3.505572234903529,0.2396737159061432,0.3059010237455368,0.90968,0.885,0.02468,mlp_FashionMNIST_seed5_entropy_history.csv
9,mlp,FashionMNIST,5,42,relu2,4.305931662990963,0.2396737159061432,0.3059010237455368,0.90968,0.885,0.02468,mlp_FashionMNIST_seed5_entropy_history.csv
10,mlp,FashionMNIST,5,42,relu1,3.4915420513903794,0.2323927432727813,0.3103662630677223,0.91324,0.8888,0.02444,mlp_FashionMNIST_seed5_entropy_history.csv
10,mlp,FashionMNIST,5,42,relu2,4.211906586872583,0.2323927432727813,0.3103662630677223,0.91324,0.8888,0.02444,mlp_FashionMNIST_seed5_entropy_history.csv
11,mlp,FashionMNIST,5,42,relu1,3.34018518591367,0.2180160352897644,0.308217206120491,0.91898,0.8894,0.02958,mlp_FashionMNIST_seed5_entropy_history.csv
11,mlp,FashionMNIST,5,42,relu2,4.25630822923674,0.2180160352897644,0.308217206120491,0.91898,0.8894,0.02958,mlp_FashionMNIST_seed5_entropy_history.csv
12,mlp,FashionMNIST,5,42,relu1,3.338491192060035,0.2109129464912414,0.3026869434595108,0.91914,0.8898,0.0293399999999999,mlp_FashionMNIST_seed5_entropy_history.csv
12,mlp,FashionMNIST,5,42,relu2,4.112937829463835,0.2109129464912414,0.3026869434595108,0.91914,0.8898,0.0293399999999999,mlp_FashionMNIST_seed5_entropy_history.csv
13,mlp,FashionMNIST,5,42,relu1,3.2137768216959213,0.1976370124387741,0.3160174641370773,0.92528,0.8874,0.03788,mlp_FashionMNIST_seed5_entropy_history.csv
13,mlp,FashionMNIST,5,42,relu2,4.209413753011912,0.1976370124387741,0.3160174641370773,0.92528,0.8874,0.03788,mlp_FashionMNIST_seed5_entropy_history.csv
14,mlp,FashionMNIST,5,42,relu1,3.1508441247969365,0.1900109831249714,0.3032439513921737,0.92864,0.8923,0.03634,mlp_FashionMNIST_seed5_entropy_history.csv
14,mlp,FashionMNIST,5,42,relu2,4.087499033255416,0.1900109831249714,0.3032439513921737,0.92864,0.8923,0.03634,mlp_FashionMNIST_seed5_entropy_history.csv
15,mlp,FashionMNIST,5,42,relu1,3.130999937213312,0.1860648526382446,0.3291119889736175,0.9301,0.8873,0.0428,mlp_FashionMNIST_seed5_entropy_history.csv
15,mlp,FashionMNIST,5,42,relu2,3.95016052611807,0.1860648526382446,0.3291119889736175,0.9301,0.8873,0.0428,mlp_FashionMNIST_seed5_entropy_history.csv
16,mlp,FashionMNIST,5,42,relu1,3.107012162274525,0.1779283158969879,0.3362942464947701,0.93308,0.8871,0.04598,mlp_FashionMNIST_seed5_entropy_history.csv
16,mlp,FashionMNIST,5,42,relu2,4.0582403708798855,0.1779283158969879,0.3362942464947701,0.93308,0.8871,0.04598,mlp_FashionMNIST_seed5_entropy_history.csv
17,mlp,FashionMNIST,5,42,relu1,3.1231788593192578,0.169409021475315,0.3257651521444321,0.93644,0.8912,0.04524,mlp_FashionMNIST_seed5_entropy_history.csv
17,mlp,FashionMNIST,5,42,relu2,4.046392594010004,0.169409021475315,0.3257651521444321,0.93644,0.8912,0.04524,mlp_FashionMNIST_seed5_entropy_history.csv
18,mlp,FashionMNIST,5,42,relu1,2.917151488645786,0.1607729163050651,0.3223257277727127,0.93904,0.8929,0.0461399999999999,mlp_FashionMNIST_seed5_entropy_history.csv
18,mlp,FashionMNIST,5,42,relu2,3.9994661648184895,0.1607729163050651,0.3223257277727127,0.93904,0.8929,0.0461399999999999,mlp_FashionMNIST_seed5_entropy_history.csv
19,mlp,FashionMNIST,5,42,relu1,2.950331568805072,0.1552389882707595,0.3384674223899841,0.94242,0.8852,0.05722,mlp_FashionMNIST_seed5_entropy_history.csv
19,mlp,FashionMNIST,5,42,relu2,3.8832957324105646,0.1552389882707595,0.3384674223899841,0.94242,0.8852,0.05722,mlp_FashionMNIST_seed5_entropy_history.csv
20,mlp,FashionMNIST,5,42,relu1,2.9712783383144927,0.1484400442171096,0.341953370809555,0.94456,0.8906,0.05396,mlp_FashionMNIST_seed5_entropy_history.csv
20,mlp,FashionMNIST,5,42,relu2,3.946818799629742,0.1484400442171096,0.341953370809555,0.94456,0.8906,0.05396,mlp_FashionMNIST_seed5_entropy_history.csv
21,mlp,FashionMNIST,5,42,relu1,2.940060598212779,0.1391188028097152,0.3512399742841721,0.94738,0.8898,0.0575799999999999,mlp_FashionMNIST_seed5_entropy_history.csv
21,mlp,FashionMNIST,5,42,relu2,3.83873012133178,0.1391188028097152,0.3512399742841721,0.94738,0.8898,0.0575799999999999,mlp_FashionMNIST_seed5_entropy_history.csv
22,mlp,FashionMNIST,5,42,relu1,2.9099261877211173,0.1370010460090637,0.366037327247858,0.94816,0.8923,0.05586,mlp_FashionMNIST_seed5_entropy_history.csv
22,mlp,FashionMNIST,5,42,relu2,3.979127834737121,0.1370010460090637,0.366037327247858,0.94816,0.8923,0.05586,mlp_FashionMNIST_seed5_entropy_history.csv
23,mlp,FashionMNIST,5,42,relu1,2.952975497761688,0.1278380471038818,0.3551916101813316,0.95122,0.8919,0.0593199999999999,mlp_FashionMNIST_seed5_entropy_history.csv
23,mlp,FashionMNIST,5,42,relu2,3.870649640228361,0.1278380471038818,0.3551916101813316,0.95122,0.8919,0.0593199999999999,mlp_FashionMNIST_seed5_entropy_history.csv
24,mlp,FashionMNIST,5,42,relu1,2.907406864952917,0.1191057398295402,0.3931818526744842,0.95472,0.889,0.06572,mlp_FashionMNIST_seed5_entropy_history.csv
24,mlp,FashionMNIST,5,42,relu2,3.9429659527212326,0.1191057398295402,0.3931818526744842,0.95472,0.889,0.06572,mlp_FashionMNIST_seed5_entropy_history.csv
25,mlp,FashionMNIST,5,42,relu1,2.886624604952052,0.1195132812094688,0.3751344561338424,0.9547,0.892,0.0626999999999999,mlp_FashionMNIST_seed5_entropy_history.csv
25,mlp,FashionMNIST,5,42,relu2,3.810161676500325,0.1195132812094688,0.3751344561338424,0.9547,0.892,0.0626999999999999,mlp_FashionMNIST_seed5_entropy_history.csv
26,mlp,FashionMNIST,5,42,relu1,2.8445365721104494,0.1177764814853668,0.3665359453916549,0.95598,0.8935,0.06248,mlp_FashionMNIST_seed5_entropy_history.csv
26,mlp,FashionMNIST,5,42,relu2,3.858633387050359,0.1177764814853668,0.3665359453916549,0.95598,0.8935,0.06248,mlp_FashionMNIST_seed5_entropy_history.csv
27,mlp,FashionMNIST,5,42,relu1,2.8458599410947043,0.1047558457303047,0.3780679180383682,0.96092,0.8965,0.06442,mlp_FashionMNIST_seed5_entropy_history.csv
27,mlp,FashionMNIST,5,42,relu2,3.826824978451021,0.1047558457303047,0.3780679180383682,0.96092,0.8965,0.06442,mlp_FashionMNIST_seed5_entropy_history.csv
28,mlp,FashionMNIST,5,42,relu1,2.862851630294617,0.1067166805791854,0.3799935177087783,0.95986,0.8962,0.06366,mlp_FashionMNIST_seed5_entropy_history.csv
28,mlp,FashionMNIST,5,42,relu2,3.8026996868476535,0.1067166805791854,0.3799935177087783,0.95986,0.8962,0.06366,mlp_FashionMNIST_seed5_entropy_history.csv
29,mlp,FashionMNIST,5,42,relu1,2.897916680600927,0.098060574080944,0.4154809454798698,0.96324,0.8931,0.0701399999999999,mlp_FashionMNIST_seed5_entropy_history.csv
29,mlp,FashionMNIST,5,42,relu2,3.811583490242296,0.098060574080944,0.4154809454798698,0.96324,0.8931,0.0701399999999999,mlp_FashionMNIST_seed5_entropy_history.csv
30,mlp,FashionMNIST,5,42,relu1,2.8983387665196343,0.0943399614667892,0.4182107840657234,0.96482,0.8899,0.0749199999999999,mlp_FashionMNIST_seed5_entropy_history.csv
30,mlp,FashionMNIST,5,42,relu2,3.638277738413241,0.0943399614667892,0.4182107840657234,0.96482,0.8899,0.0749199999999999,mlp_FashionMNIST_seed5_entropy_history.csv
