epoch,model,dataset,seed,split_seed,layer,activation_entropy,train_loss,val_loss,train_accuracy,val_accuracy,val_generalization_gap,source_file
1,cnn,FashionMNIST,1,42,relu1,3.210162534452878,0.5727131441783905,0.398045642375946,0.7967,0.8566,-0.0599,cnn_FashionMNIST_seed1_entropy_history.csv
1,cnn,FashionMNIST,1,42,relu2,2.9597413039045857,0.5727131441783905,0.398045642375946,0.7967,0.8566,-0.0599,cnn_FashionMNIST_seed1_entropy_history.csv
1,cnn,FashionMNIST,1,42,relu3,3.1343592272372254,0.5727131441783905,0.398045642375946,0.7967,0.8566,-0.0599,cnn_FashionMNIST_seed1_entropy_history.csv
2,cnn,FashionMNIST,1,42,relu1,3.246952123054422,0.3501086305570602,0.3311721341609955,0.8748,0.8776,-0.0028,cnn_FashionMNIST_seed1_entropy_history.csv
2,cnn,FashionMNIST,1,42,relu2,2.477111313034448,0.3501086305570602,0.3311721341609955,0.8748,0.8776,-0.0028,cnn_FashionMNIST_seed1_entropy_history.csv
2,cnn,FashionMNIST,1,42,relu3,2.8208571242014457,0.3501086305570602,0.3311721341609955,0.8748,0.8776,-0.0028,cnn_FashionMNIST_seed1_entropy_history.csv
3,cnn,FashionMNIST,1,42,relu1,3.220044192568607,0.2993679814434051,0.2964451876878738,0.89334,0.8901,0.00324,cnn_FashionMNIST_seed1_entropy_history.csv
3,cnn,FashionMNIST,1,42,relu2,2.45073945358336,0.2993679814434051,0.2964451876878738,0.89334,0.8901,0.00324,cnn_FashionMNIST_seed1_entropy_history.csv
3,cnn,FashionMNIST,1,42,relu3,2.8064711448025363,0.2993679814434051,0.2964451876878738,0.89334,0.8901,0.00324,cnn_FashionMNIST_seed1_entropy_history.csv
4,cnn,FashionMNIST,1,42,relu1,3.137093588134142,0.2745104633331299,0.2841644126653671,0.90156,0.8952,0.00636,cnn_FashionMNIST_seed1_entropy_history.csv
4,cnn,FashionMNIST,1,42,relu2,2.3090119492001477,0.2745104633331299,0.2841644126653671,0.90156,0.8952,0.00636,cnn_FashionMNIST_seed1_entropy_history.csv
4,cnn,FashionMNIST,1,42,relu3,2.663724254524132,0.2745104633331299,0.2841644126653671,0.90156,0.8952,0.00636,cnn_FashionMNIST_seed1_entropy_history.csv
5,cnn,FashionMNIST,1,42,relu1,3.1769936119315108,0.2476684132003784,0.2621154238939285,0.9115,0.9033,0.0081999999999999,cnn_FashionMNIST_seed1_entropy_history.csv
5,cnn,FashionMNIST,1,42,relu2,2.135029285735533,0.2476684132003784,0.2621154238939285,0.9115,0.9033,0.0081999999999999,cnn_FashionMNIST_seed1_entropy_history.csv
5,cnn,FashionMNIST,1,42,relu3,2.6215419137480462,0.2476684132003784,0.2621154238939285,0.9115,0.9033,0.0081999999999999,cnn_FashionMNIST_seed1_entropy_history.csv
6,cnn,FashionMNIST,1,42,relu1,3.095716022767275,0.2259253581428527,0.2491258328795433,0.9175,0.9081,0.0093999999999999,cnn_FashionMNIST_seed1_entropy_history.csv
6,cnn,FashionMNIST,1,42,relu2,2.0828388913371096,0.2259253581428527,0.2491258328795433,0.9175,0.9081,0.0093999999999999,cnn_FashionMNIST_seed1_entropy_history.csv
6,cnn,FashionMNIST,1,42,relu3,2.633521325821526,0.2259253581428527,0.2491258328795433,0.9175,0.9081,0.0093999999999999,cnn_FashionMNIST_seed1_entropy_history.csv
7,cnn,FashionMNIST,1,42,relu1,3.0829074168203743,0.2128073066425323,0.2427314640641212,0.92344,0.911,0.01244,cnn_FashionMNIST_seed1_entropy_history.csv
7,cnn,FashionMNIST,1,42,relu2,2.0271524236401217,0.2128073066425323,0.2427314640641212,0.92344,0.911,0.01244,cnn_FashionMNIST_seed1_entropy_history.csv
7,cnn,FashionMNIST,1,42,relu3,2.614378252416993,0.2128073066425323,0.2427314640641212,0.92344,0.911,0.01244,cnn_FashionMNIST_seed1_entropy_history.csv
8,cnn,FashionMNIST,1,42,relu1,3.0940626104954068,0.1939878060150146,0.2558112096190452,0.92934,0.9077,0.0216400000000001,cnn_FashionMNIST_seed1_entropy_history.csv
8,cnn,FashionMNIST,1,42,relu2,1.863850213381165,0.1939878060150146,0.2558112096190452,0.92934,0.9077,0.0216400000000001,cnn_FashionMNIST_seed1_entropy_history.csv
8,cnn,FashionMNIST,1,42,relu3,2.4552431256297917,0.1939878060150146,0.2558112096190452,0.92934,0.9077,0.0216400000000001,cnn_FashionMNIST_seed1_entropy_history.csv
9,cnn,FashionMNIST,1,42,relu1,2.8744129329347654,0.1824878611326217,0.2538671796679497,0.93318,0.9092,0.02398,cnn_FashionMNIST_seed1_entropy_history.csv
9,cnn,FashionMNIST,1,42,relu2,2.0225418025635142,0.1824878611326217,0.2538671796679497,0.93318,0.9092,0.02398,cnn_FashionMNIST_seed1_entropy_history.csv
9,cnn,FashionMNIST,1,42,relu3,2.6159534486355813,0.1824878611326217,0.2538671796679497,0.93318,0.9092,0.02398,cnn_FashionMNIST_seed1_entropy_history.csv
10,cnn,FashionMNIST,1,42,relu1,3.045135513628608,0.1679996959495544,0.2384557428240776,0.93902,0.9145,0.0245199999999999,cnn_FashionMNIST_seed1_entropy_history.csv
10,cnn,FashionMNIST,1,42,relu2,1.8175279325310432,0.1679996959495544,0.2384557428240776,0.93902,0.9145,0.0245199999999999,cnn_FashionMNIST_seed1_entropy_history.csv
10,cnn,FashionMNIST,1,42,relu3,2.5042427852532185,0.1679996959495544,0.2384557428240776,0.93902,0.9145,0.0245199999999999,cnn_FashionMNIST_seed1_entropy_history.csv
11,cnn,FashionMNIST,1,42,relu1,2.996612409589644,0.1572685356688499,0.2438324334621429,0.94206,0.911,0.0310599999999999,cnn_FashionMNIST_seed1_entropy_history.csv
11,cnn,FashionMNIST,1,42,relu2,1.8271231863757496,0.1572685356688499,0.2438324334621429,0.94206,0.911,0.0310599999999999,cnn_FashionMNIST_seed1_entropy_history.csv
11,cnn,FashionMNIST,1,42,relu3,2.546563982258091,0.1572685356688499,0.2438324334621429,0.94206,0.911,0.0310599999999999,cnn_FashionMNIST_seed1_entropy_history.csv
12,cnn,FashionMNIST,1,42,relu1,2.94002135517594,0.1426597235393524,0.2317890727400779,0.9471,0.9167,0.0304,cnn_FashionMNIST_seed1_entropy_history.csv
12,cnn,FashionMNIST,1,42,relu2,1.7269597690624248,0.1426597235393524,0.2317890727400779,0.9471,0.9167,0.0304,cnn_FashionMNIST_seed1_entropy_history.csv
12,cnn,FashionMNIST,1,42,relu3,2.3623450267128927,0.1426597235393524,0.2317890727400779,0.9471,0.9167,0.0304,cnn_FashionMNIST_seed1_entropy_history.csv
13,cnn,FashionMNIST,1,42,relu1,2.938421389160069,0.1315137184286117,0.2386179903268814,0.95164,0.9189,0.0327399999999999,cnn_FashionMNIST_seed1_entropy_history.csv
13,cnn,FashionMNIST,1,42,relu2,1.763362788949676,0.1315137184286117,0.2386179903268814,0.95164,0.9189,0.0327399999999999,cnn_FashionMNIST_seed1_entropy_history.csv
13,cnn,FashionMNIST,1,42,relu3,2.45234636641212,0.1315137184286117,0.2386179903268814,0.95164,0.9189,0.0327399999999999,cnn_FashionMNIST_seed1_entropy_history.csv
14,cnn,FashionMNIST,1,42,relu1,2.917233056327613,0.1208637749719619,0.238221091890335,0.95528,0.9153,0.03998,cnn_FashionMNIST_seed1_entropy_history.csv
14,cnn,FashionMNIST,1,42,relu2,1.6833783978815815,0.1208637749719619,0.238221091890335,0.95528,0.9153,0.03998,cnn_FashionMNIST_seed1_entropy_history.csv
14,cnn,FashionMNIST,1,42,relu3,2.382348716538939,0.1208637749719619,0.238221091890335,0.95528,0.9153,0.03998,cnn_FashionMNIST_seed1_entropy_history.csv
15,cnn,FashionMNIST,1,42,relu1,2.90952135920758,0.1095196640801429,0.2542626712799072,0.95978,0.9106,0.04918,cnn_FashionMNIST_seed1_entropy_history.csv
15,cnn,FashionMNIST,1,42,relu2,1.6506069299221056,0.1095196640801429,0.2542626712799072,0.95978,0.9106,0.04918,cnn_FashionMNIST_seed1_entropy_history.csv
15,cnn,FashionMNIST,1,42,relu3,2.3781479042235274,0.1095196640801429,0.2542626712799072,0.95978,0.9106,0.04918,cnn_FashionMNIST_seed1_entropy_history.csv
16,cnn,FashionMNIST,1,42,relu1,2.9140943554744814,0.1007451579666137,0.2560030944705009,0.96346,0.9151,0.0483599999999999,cnn_FashionMNIST_seed1_entropy_history.csv
16,cnn,FashionMNIST,1,42,relu2,1.6177571017305412,0.1007451579666137,0.2560030944705009,0.96346,0.9151,0.0483599999999999,cnn_FashionMNIST_seed1_entropy_history.csv
16,cnn,FashionMNIST,1,42,relu3,2.411258573345573,0.1007451579666137,0.2560030944705009,0.96346,0.9151,0.0483599999999999,cnn_FashionMNIST_seed1_entropy_history.csv
17,cnn,FashionMNIST,1,42,relu1,2.920586155761593,0.0892152373838424,0.2628816682338714,0.96724,0.9129,0.0543399999999999,cnn_FashionMNIST_seed1_entropy_history.csv
17,cnn,FashionMNIST,1,42,relu2,1.6814524305318952,0.0892152373838424,0.2628816682338714,0.96724,0.9129,0.0543399999999999,cnn_FashionMNIST_seed1_entropy_history.csv
17,cnn,FashionMNIST,1,42,relu3,2.3403440472478536,0.0892152373838424,0.2628816682338714,0.96724,0.9129,0.0543399999999999,cnn_FashionMNIST_seed1_entropy_history.csv
18,cnn,FashionMNIST,1,42,relu1,2.873733800160767,0.0820927815985679,0.2862160643100738,0.97016,0.9122,0.05796,cnn_FashionMNIST_seed1_entropy_history.csv
18,cnn,FashionMNIST,1,42,relu2,1.6549026698108096,0.0820927815985679,0.2862160643100738,0.97016,0.9122,0.05796,cnn_FashionMNIST_seed1_entropy_history.csv
18,cnn,FashionMNIST,1,42,relu3,2.4069436533304973,0.0820927815985679,0.2862160643100738,0.97016,0.9122,0.05796,cnn_FashionMNIST_seed1_entropy_history.csv
19,cnn,FashionMNIST,1,42,relu1,2.9624123471851336,0.0747888074231147,0.2965356187820434,0.9728,0.9118,0.0609999999999999,cnn_FashionMNIST_seed1_entropy_history.csv
19,cnn,FashionMNIST,1,42,relu2,1.648252717732314,0.0747888074231147,0.2965356187820434,0.9728,0.9118,0.0609999999999999,cnn_FashionMNIST_seed1_entropy_history.csv
19,cnn,FashionMNIST,1,42,relu3,2.416385027779495,0.0747888074231147,0.2965356187820434,0.9728,0.9118,0.0609999999999999,cnn_FashionMNIST_seed1_entropy_history.csv
20,cnn,FashionMNIST,1,42,relu1,2.951206452536745,0.0659195807147026,0.2966265411376953,0.97592,0.9146,0.06132,cnn_FashionMNIST_seed1_entropy_history.csv
20,cnn,FashionMNIST,1,42,relu2,1.607728401268712,0.0659195807147026,0.2966265411376953,0.97592,0.9146,0.06132,cnn_FashionMNIST_seed1_entropy_history.csv
20,cnn,FashionMNIST,1,42,relu3,2.465784791836389,0.0659195807147026,0.2966265411376953,0.97592,0.9146,0.06132,cnn_FashionMNIST_seed1_entropy_history.csv
21,cnn,FashionMNIST,1,42,relu1,2.9641090877066176,0.0583441024053096,0.3055971950888633,0.97914,0.914,0.0651399999999999,cnn_FashionMNIST_seed1_entropy_history.csv
21,cnn,FashionMNIST,1,42,relu2,1.6176596618022814,0.0583441024053096,0.3055971950888633,0.97914,0.914,0.0651399999999999,cnn_FashionMNIST_seed1_entropy_history.csv
21,cnn,FashionMNIST,1,42,relu3,2.375439951167102,0.0583441024053096,0.3055971950888633,0.97914,0.914,0.0651399999999999,cnn_FashionMNIST_seed1_entropy_history.csv
22,cnn,FashionMNIST,1,42,relu1,2.945318620005561,0.0540760464560985,0.3298786312222481,0.98092,0.9149,0.0660199999999999,cnn_FashionMNIST_seed1_entropy_history.csv
22,cnn,FashionMNIST,1,42,relu2,1.5292677911946162,0.0540760464560985,0.3298786312222481,0.98092,0.9149,0.0660199999999999,cnn_FashionMNIST_seed1_entropy_history.csv
22,cnn,FashionMNIST,1,42,relu3,2.468908761746746,0.0540760464560985,0.3298786312222481,0.98092,0.9149,0.0660199999999999,cnn_FashionMNIST_seed1_entropy_history.csv
23,cnn,FashionMNIST,1,42,relu1,2.892413752650575,0.0476584044086933,0.3154122024536133,0.98238,0.917,0.06538,cnn_FashionMNIST_seed1_entropy_history.csv
23,cnn,FashionMNIST,1,42,relu2,1.6127520056686069,0.0476584044086933,0.3154122024536133,0.98238,0.917,0.06538,cnn_FashionMNIST_seed1_entropy_history.csv
23,cnn,FashionMNIST,1,42,relu3,2.390600511013176,0.0476584044086933,0.3154122024536133,0.98238,0.917,0.06538,cnn_FashionMNIST_seed1_entropy_history.csv
24,cnn,FashionMNIST,1,42,relu1,2.9709932847030376,0.0427853368031978,0.3681014273881912,0.98486,0.9083,0.0765599999999999,cnn_FashionMNIST_seed1_entropy_history.csv
24,cnn,FashionMNIST,1,42,relu2,1.6053991845072988,0.0427853368031978,0.3681014273881912,0.98486,0.9083,0.0765599999999999,cnn_FashionMNIST_seed1_entropy_history.csv
24,cnn,FashionMNIST,1,42,relu3,2.4443951354315723,0.0427853368031978,0.3681014273881912,0.98486,0.9083,0.0765599999999999,cnn_FashionMNIST_seed1_entropy_history.csv
25,cnn,FashionMNIST,1,42,relu1,2.915020367596321,0.0409461135959625,0.3642427151679993,0.98586,0.9119,0.0739599999999999,cnn_FashionMNIST_seed1_entropy_history.csv
25,cnn,FashionMNIST,1,42,relu2,1.6260590783709028,0.0409461135959625,0.3642427151679993,0.98586,0.9119,0.0739599999999999,cnn_FashionMNIST_seed1_entropy_history.csv
25,cnn,FashionMNIST,1,42,relu3,2.40117170277753,0.0409461135959625,0.3642427151679993,0.98586,0.9119,0.0739599999999999,cnn_FashionMNIST_seed1_entropy_history.csv
26,cnn,FashionMNIST,1,42,relu1,2.969698446249793,0.0371924538481235,0.3581857459068298,0.98668,0.9142,0.0724799999999999,cnn_FashionMNIST_seed1_entropy_history.csv
26,cnn,FashionMNIST,1,42,relu2,1.5383792414167832,0.0371924538481235,0.3581857459068298,0.98668,0.9142,0.0724799999999999,cnn_FashionMNIST_seed1_entropy_history.csv
26,cnn,FashionMNIST,1,42,relu3,2.368817139522278,0.0371924538481235,0.3581857459068298,0.98668,0.9142,0.0724799999999999,cnn_FashionMNIST_seed1_entropy_history.csv
27,cnn,FashionMNIST,1,42,relu1,2.9844101449279434,0.0322938987064361,0.3780887624263763,0.98814,0.917,0.0711399999999999,cnn_FashionMNIST_seed1_entropy_history.csv
27,cnn,FashionMNIST,1,42,relu2,1.5478687795172086,0.0322938987064361,0.3780887624263763,0.98814,0.917,0.0711399999999999,cnn_FashionMNIST_seed1_entropy_history.csv
27,cnn,FashionMNIST,1,42,relu3,2.468461056602577,0.0322938987064361,0.3780887624263763,0.98814,0.917,0.0711399999999999,cnn_FashionMNIST_seed1_entropy_history.csv
28,cnn,FashionMNIST,1,42,relu1,2.9865970261966237,0.0293807110846042,0.416277158498764,0.9897,0.9155,0.0742,cnn_FashionMNIST_seed1_entropy_history.csv
28,cnn,FashionMNIST,1,42,relu2,1.582780697361462,0.0293807110846042,0.416277158498764,0.9897,0.9155,0.0742,cnn_FashionMNIST_seed1_entropy_history.csv
28,cnn,FashionMNIST,1,42,relu3,2.458849558948087,0.0293807110846042,0.416277158498764,0.9897,0.9155,0.0742,cnn_FashionMNIST_seed1_entropy_history.csv
29,cnn,FashionMNIST,1,42,relu1,2.9879772243329747,0.0263812341034412,0.4186871397972107,0.99108,0.9153,0.0757799999999999,cnn_FashionMNIST_seed1_entropy_history.csv
29,cnn,FashionMNIST,1,42,relu2,1.5872769784431062,0.0263812341034412,0.4186871397972107,0.99108,0.9153,0.0757799999999999,cnn_FashionMNIST_seed1_entropy_history.csv
29,cnn,FashionMNIST,1,42,relu3,2.411614544095911,0.0263812341034412,0.4186871397972107,0.99108,0.9153,0.0757799999999999,cnn_FashionMNIST_seed1_entropy_history.csv
30,cnn,FashionMNIST,1,42,relu1,2.972646503707943,0.0220054011476039,0.4099649992465973,0.99276,0.9156,0.07716,cnn_FashionMNIST_seed1_entropy_history.csv
30,cnn,FashionMNIST,1,42,relu2,1.559855599013949,0.0220054011476039,0.4099649992465973,0.99276,0.9156,0.07716,cnn_FashionMNIST_seed1_entropy_history.csv
30,cnn,FashionMNIST,1,42,relu3,2.381737238403209,0.0220054011476039,0.4099649992465973,0.99276,0.9156,0.07716,cnn_FashionMNIST_seed1_entropy_history.csv
1,cnn,FashionMNIST,2,42,relu1,3.3358981429107075,0.5625564045143128,0.3771555331707,0.80076,0.8642,-0.0634399999999999,cnn_FashionMNIST_seed2_entropy_history.csv
1,cnn,FashionMNIST,2,42,relu2,3.041059366025786,0.5625564045143128,0.3771555331707,0.80076,0.8642,-0.0634399999999999,cnn_FashionMNIST_seed2_entropy_history.csv
1,cnn,FashionMNIST,2,42,relu3,2.885060317750887,0.5625564045143128,0.3771555331707,0.80076,0.8642,-0.0634399999999999,cnn_FashionMNIST_seed2_entropy_history.csv
2,cnn,FashionMNIST,2,42,relu1,3.404171036523012,0.3534789606285095,0.324989350605011,0.87398,0.8798,-0.00582,cnn_FashionMNIST_seed2_entropy_history.csv
2,cnn,FashionMNIST,2,42,relu2,2.833351671130167,0.3534789606285095,0.324989350605011,0.87398,0.8798,-0.00582,cnn_FashionMNIST_seed2_entropy_history.csv
2,cnn,FashionMNIST,2,42,relu3,2.7029610498754573,0.3534789606285095,0.324989350605011,0.87398,0.8798,-0.00582,cnn_FashionMNIST_seed2_entropy_history.csv
3,cnn,FashionMNIST,2,42,relu1,3.364562725853553,0.3025768769073486,0.2852331652879715,0.89244,0.8948,-0.00236,cnn_FashionMNIST_seed2_entropy_history.csv
3,cnn,FashionMNIST,2,42,relu2,2.545072735058161,0.3025768769073486,0.2852331652879715,0.89244,0.8948,-0.00236,cnn_FashionMNIST_seed2_entropy_history.csv
3,cnn,FashionMNIST,2,42,relu3,2.6081255302775666,0.3025768769073486,0.2852331652879715,0.89244,0.8948,-0.00236,cnn_FashionMNIST_seed2_entropy_history.csv
4,cnn,FashionMNIST,2,42,relu1,3.2916195890382207,0.2705348692512512,0.2740797351360321,0.90266,0.9001,0.00256,cnn_FashionMNIST_seed2_entropy_history.csv
4,cnn,FashionMNIST,2,42,relu2,2.500341652353696,0.2705348692512512,0.2740797351360321,0.90266,0.9001,0.00256,cnn_FashionMNIST_seed2_entropy_history.csv
4,cnn,FashionMNIST,2,42,relu3,2.544771410148277,0.2705348692512512,0.2740797351360321,0.90266,0.9001,0.00256,cnn_FashionMNIST_seed2_entropy_history.csv
5,cnn,FashionMNIST,2,42,relu1,3.2563860630166404,0.2475232491970062,0.2496632910370826,0.91,0.9104,-0.0003999999999999,cnn_FashionMNIST_seed2_entropy_history.csv
5,cnn,FashionMNIST,2,42,relu2,2.184284050840661,0.2475232491970062,0.2496632910370826,0.91,0.9104,-0.0003999999999999,cnn_FashionMNIST_seed2_entropy_history.csv
5,cnn,FashionMNIST,2,42,relu3,2.421248475177312,0.2475232491970062,0.2496632910370826,0.91,0.9104,-0.0003999999999999,cnn_FashionMNIST_seed2_entropy_history.csv
6,cnn,FashionMNIST,2,42,relu1,3.199406237312245,0.2284136971759796,0.2544323746442795,0.91696,0.9071,0.0098599999999999,cnn_FashionMNIST_seed2_entropy_history.csv
6,cnn,FashionMNIST,2,42,relu2,2.094899734832796,0.2284136971759796,0.2544323746442795,0.91696,0.9071,0.0098599999999999,cnn_FashionMNIST_seed2_entropy_history.csv
6,cnn,FashionMNIST,2,42,relu3,2.345679519840779,0.2284136971759796,0.2544323746442795,0.91696,0.9071,0.0098599999999999,cnn_FashionMNIST_seed2_entropy_history.csv
7,cnn,FashionMNIST,2,42,relu1,3.241890705894349,0.2114289506673813,0.2434714802861213,0.92304,0.9104,0.0126399999999999,cnn_FashionMNIST_seed2_entropy_history.csv
7,cnn,FashionMNIST,2,42,relu2,2.174070851138543,0.2114289506673813,0.2434714802861213,0.92304,0.9104,0.0126399999999999,cnn_FashionMNIST_seed2_entropy_history.csv
7,cnn,FashionMNIST,2,42,relu3,2.404988600904743,0.2114289506673813,0.2434714802861213,0.92304,0.9104,0.0126399999999999,cnn_FashionMNIST_seed2_entropy_history.csv
8,cnn,FashionMNIST,2,42,relu1,3.2336920309838977,0.1979122778081894,0.2395308341026306,0.9277,0.9113,0.0163999999999999,cnn_FashionMNIST_seed2_entropy_history.csv
8,cnn,FashionMNIST,2,42,relu2,2.002345435352684,0.1979122778081894,0.2395308341026306,0.9277,0.9113,0.0163999999999999,cnn_FashionMNIST_seed2_entropy_history.csv
8,cnn,FashionMNIST,2,42,relu3,2.295368943535203,0.1979122778081894,0.2395308341026306,0.9277,0.9113,0.0163999999999999,cnn_FashionMNIST_seed2_entropy_history.csv
9,cnn,FashionMNIST,2,42,relu1,3.2126477234458286,0.1834760186815262,0.2349993736863136,0.9326,0.9162,0.0163999999999999,cnn_FashionMNIST_seed2_entropy_history.csv
9,cnn,FashionMNIST,2,42,relu2,2.0624380217404585,0.1834760186815262,0.2349993736863136,0.9326,0.9162,0.0163999999999999,cnn_FashionMNIST_seed2_entropy_history.csv
9,cnn,FashionMNIST,2,42,relu3,2.364623071067096,0.1834760186815262,0.2349993736863136,0.9326,0.9162,0.0163999999999999,cnn_FashionMNIST_seed2_entropy_history.csv
10,cnn,FashionMNIST,2,42,relu1,3.1561622871659902,0.1723832414197921,0.2416680229902267,0.93642,0.912,0.0244199999999999,cnn_FashionMNIST_seed2_entropy_history.csv
10,cnn,FashionMNIST,2,42,relu2,1.9057631779814477,0.1723832414197921,0.2416680229902267,0.93642,0.912,0.0244199999999999,cnn_FashionMNIST_seed2_entropy_history.csv
10,cnn,FashionMNIST,2,42,relu3,2.364674919612646,0.1723832414197921,0.2416680229902267,0.93642,0.912,0.0244199999999999,cnn_FashionMNIST_seed2_entropy_history.csv
11,cnn,FashionMNIST,2,42,relu1,3.1223654988308804,0.1617789619779586,0.2313094425559043,0.94106,0.9187,0.02236,cnn_FashionMNIST_seed2_entropy_history.csv
11,cnn,FashionMNIST,2,42,relu2,1.948180889273611,0.1617789619779586,0.2313094425559043,0.94106,0.9187,0.02236,cnn_FashionMNIST_seed2_entropy_history.csv
11,cnn,FashionMNIST,2,42,relu3,2.314096406050972,0.1617789619779586,0.2313094425559043,0.94106,0.9187,0.02236,cnn_FashionMNIST_seed2_entropy_history.csv
12,cnn,FashionMNIST,2,42,relu1,3.1896696854527207,0.1503662507581711,0.232554259109497,0.9439,0.9147,0.0292,cnn_FashionMNIST_seed2_entropy_history.csv
12,cnn,FashionMNIST,2,42,relu2,1.7620495316459222,0.1503662507581711,0.232554259109497,0.9439,0.9147,0.0292,cnn_FashionMNIST_seed2_entropy_history.csv
12,cnn,FashionMNIST,2,42,relu3,2.203060758204568,0.1503662507581711,0.232554259109497,0.9439,0.9147,0.0292,cnn_FashionMNIST_seed2_entropy_history.csv
13,cnn,FashionMNIST,2,42,relu1,3.0862308856002105,0.1387189616584777,0.2322697596549987,0.94934,0.9173,0.0320399999999999,cnn_FashionMNIST_seed2_entropy_history.csv
13,cnn,FashionMNIST,2,42,relu2,1.709669437043834,0.1387189616584777,0.2322697596549987,0.94934,0.9173,0.0320399999999999,cnn_FashionMNIST_seed2_entropy_history.csv
13,cnn,FashionMNIST,2,42,relu3,2.227430796220323,0.1387189616584777,0.2322697596549987,0.94934,0.9173,0.0320399999999999,cnn_FashionMNIST_seed2_entropy_history.csv
14,cnn,FashionMNIST,2,42,relu1,3.0470989613106063,0.1272922321724891,0.2434117271065712,0.95316,0.9118,0.0413599999999999,cnn_FashionMNIST_seed2_entropy_history.csv
14,cnn,FashionMNIST,2,42,relu2,1.7231380368834972,0.1272922321724891,0.2434117271065712,0.95316,0.9118,0.0413599999999999,cnn_FashionMNIST_seed2_entropy_history.csv
14,cnn,FashionMNIST,2,42,relu3,2.2374347494310745,0.1272922321724891,0.2434117271065712,0.95316,0.9118,0.0413599999999999,cnn_FashionMNIST_seed2_entropy_history.csv
15,cnn,FashionMNIST,2,42,relu1,3.088696424906259,0.1199850162220001,0.2498875923633575,0.95544,0.9147,0.04074,cnn_FashionMNIST_seed2_entropy_history.csv
15,cnn,FashionMNIST,2,42,relu2,1.7697515729923374,0.1199850162220001,0.2498875923633575,0.95544,0.9147,0.04074,cnn_FashionMNIST_seed2_entropy_history.csv
15,cnn,FashionMNIST,2,42,relu3,2.283968844684997,0.1199850162220001,0.2498875923633575,0.95544,0.9147,0.04074,cnn_FashionMNIST_seed2_entropy_history.csv
16,cnn,FashionMNIST,2,42,relu1,3.117345806598662,0.108231755785942,0.2618716893672943,0.96004,0.9112,0.0488399999999999,cnn_FashionMNIST_seed2_entropy_history.csv
16,cnn,FashionMNIST,2,42,relu2,1.7705446687167743,0.108231755785942,0.2618716893672943,0.96004,0.9112,0.0488399999999999,cnn_FashionMNIST_seed2_entropy_history.csv
16,cnn,FashionMNIST,2,42,relu3,2.269208938067236,0.108231755785942,0.2618716893672943,0.96004,0.9112,0.0488399999999999,cnn_FashionMNIST_seed2_entropy_history.csv
17,cnn,FashionMNIST,2,42,relu1,3.07777720763833,0.0999524484634399,0.2487680752515793,0.96284,0.9161,0.04674,cnn_FashionMNIST_seed2_entropy_history.csv
17,cnn,FashionMNIST,2,42,relu2,1.6715095802998332,0.0999524484634399,0.2487680752515793,0.96284,0.9161,0.04674,cnn_FashionMNIST_seed2_entropy_history.csv
17,cnn,FashionMNIST,2,42,relu3,2.234183439921526,0.0999524484634399,0.2487680752515793,0.96284,0.9161,0.04674,cnn_FashionMNIST_seed2_entropy_history.csv
18,cnn,FashionMNIST,2,42,relu1,3.0178640735778277,0.0900998067951202,0.2670782855510711,0.96704,0.9142,0.05284,cnn_FashionMNIST_seed2_entropy_history.csv
18,cnn,FashionMNIST,2,42,relu2,1.7201476497442347,0.0900998067951202,0.2670782855510711,0.96704,0.9142,0.05284,cnn_FashionMNIST_seed2_entropy_history.csv
18,cnn,FashionMNIST,2,42,relu3,2.263880499250471,0.0900998067951202,0.2670782855510711,0.96704,0.9142,0.05284,cnn_FashionMNIST_seed2_entropy_history.csv
19,cnn,FashionMNIST,2,42,relu1,3.093703852482768,0.0828673404097557,0.2780337945818901,0.96942,0.9118,0.0576199999999998,cnn_FashionMNIST_seed2_entropy_history.csv
19,cnn,FashionMNIST,2,42,relu2,1.7124720428801117,0.0828673404097557,0.2780337945818901,0.96942,0.9118,0.0576199999999998,cnn_FashionMNIST_seed2_entropy_history.csv
19,cnn,FashionMNIST,2,42,relu3,2.242984482093697,0.0828673404097557,0.2780337945818901,0.96942,0.9118,0.0576199999999998,cnn_FashionMNIST_seed2_entropy_history.csv
20,cnn,FashionMNIST,2,42,relu1,3.098066670685101,0.0742763815712928,0.2847855224490165,0.9721,0.9133,0.0587999999999999,cnn_FashionMNIST_seed2_entropy_history.csv
20,cnn,FashionMNIST,2,42,relu2,1.6381948346611797,0.0742763815712928,0.2847855224490165,0.9721,0.9133,0.0587999999999999,cnn_FashionMNIST_seed2_entropy_history.csv
20,cnn,FashionMNIST,2,42,relu3,2.2659432284087115,0.0742763815712928,0.2847855224490165,0.9721,0.9133,0.0587999999999999,cnn_FashionMNIST_seed2_entropy_history.csv
21,cnn,FashionMNIST,2,42,relu1,3.1095900094476696,0.0692628356742858,0.2872666988134384,0.97438,0.9144,0.05998,cnn_FashionMNIST_seed2_entropy_history.csv
21,cnn,FashionMNIST,2,42,relu2,1.5921105699978462,0.0692628356742858,0.2872666988134384,0.97438,0.9144,0.05998,cnn_FashionMNIST_seed2_entropy_history.csv
21,cnn,FashionMNIST,2,42,relu3,2.251666447230825,0.0692628356742858,0.2872666988134384,0.97438,0.9144,0.05998,cnn_FashionMNIST_seed2_entropy_history.csv
22,cnn,FashionMNIST,2,42,relu1,3.0806337780559443,0.0634417278480529,0.3193905076026916,0.97614,0.911,0.0651399999999999,cnn_FashionMNIST_seed2_entropy_history.csv
22,cnn,FashionMNIST,2,42,relu2,1.6233733636042746,0.0634417278480529,0.3193905076026916,0.97614,0.911,0.0651399999999999,cnn_FashionMNIST_seed2_entropy_history.csv
22,cnn,FashionMNIST,2,42,relu3,2.2974938857749123,0.0634417278480529,0.3193905076026916,0.97614,0.911,0.0651399999999999,cnn_FashionMNIST_seed2_entropy_history.csv
23,cnn,FashionMNIST,2,42,relu1,3.074971453888659,0.0574695944201946,0.3090198097348213,0.97914,0.9127,0.06644,cnn_FashionMNIST_seed2_entropy_history.csv
23,cnn,FashionMNIST,2,42,relu2,1.6043478569806988,0.0574695944201946,0.3090198097348213,0.97914,0.9127,0.06644,cnn_FashionMNIST_seed2_entropy_history.csv
23,cnn,FashionMNIST,2,42,relu3,2.219259465538068,0.0574695944201946,0.3090198097348213,0.97914,0.9127,0.06644,cnn_FashionMNIST_seed2_entropy_history.csv
24,cnn,FashionMNIST,2,42,relu1,3.168691250895311,0.0497255272173881,0.335952607524395,0.98274,0.9114,0.0713399999999999,cnn_FashionMNIST_seed2_entropy_history.csv
24,cnn,FashionMNIST,2,42,relu2,1.6008251136054998,0.0497255272173881,0.335952607524395,0.98274,0.9114,0.0713399999999999,cnn_FashionMNIST_seed2_entropy_history.csv
24,cnn,FashionMNIST,2,42,relu3,2.2173320741499487,0.0497255272173881,0.335952607524395,0.98274,0.9114,0.0713399999999999,cnn_FashionMNIST_seed2_entropy_history.csv
25,cnn,FashionMNIST,2,42,relu1,3.100288709197771,0.0491344395303726,0.3362464131712913,0.98224,0.9137,0.06854,cnn_FashionMNIST_seed2_entropy_history.csv
25,cnn,FashionMNIST,2,42,relu2,1.664113109401287,0.0491344395303726,0.3362464131712913,0.98224,0.9137,0.06854,cnn_FashionMNIST_seed2_entropy_history.csv
25,cnn,FashionMNIST,2,42,relu3,2.265142307434236,0.0491344395303726,0.3362464131712913,0.98224,0.9137,0.06854,cnn_FashionMNIST_seed2_entropy_history.csv
26,cnn,FashionMNIST,2,42,relu1,3.1762606133855464,0.0409422036862373,0.356115111374855,0.98546,0.9123,0.07316,cnn_FashionMNIST_seed2_entropy_history.csv
26,cnn,FashionMNIST,2,42,relu2,1.5470519326343972,0.0409422036862373,0.356115111374855,0.98546,0.9123,0.07316,cnn_FashionMNIST_seed2_entropy_history.csv
26,cnn,FashionMNIST,2,42,relu3,2.2429203704077003,0.0409422036862373,0.356115111374855,0.98546,0.9123,0.07316,cnn_FashionMNIST_seed2_entropy_history.csv
27,cnn,FashionMNIST,2,42,relu1,3.0631329724756067,0.0399528071331977,0.3681517655611038,0.98592,0.9127,0.07322,cnn_FashionMNIST_seed2_entropy_history.csv
27,cnn,FashionMNIST,2,42,relu2,1.5646085313930775,0.0399528071331977,0.3681517655611038,0.98592,0.9127,0.07322,cnn_FashionMNIST_seed2_entropy_history.csv
27,cnn,FashionMNIST,2,42,relu3,2.23344181112169,0.0399528071331977,0.3681517655611038,0.98592,0.9127,0.07322,cnn_FashionMNIST_seed2_entropy_history.csv
28,cnn,FashionMNIST,2,42,relu1,3.180269544464974,0.0351160490131378,0.406982377564907,0.98786,0.9131,0.0747599999999999,cnn_FashionMNIST_seed2_entropy_history.csv
28,cnn,FashionMNIST,2,42,relu2,1.65283130514111,0.0351160490131378,0.406982377564907,0.98786,0.9131,0.0747599999999999,cnn_FashionMNIST_seed2_entropy_history.csv
28,cnn,FashionMNIST,2,42,relu3,2.2982143277438687,0.0351160490131378,0.406982377564907,0.98786,0.9131,0.0747599999999999,cnn_FashionMNIST_seed2_entropy_history.csv
29,cnn,FashionMNIST,2,42,relu1,3.122105427485678,0.03125994063735,0.4007464209794998,0.98904,0.9118,0.0772399999999999,cnn_FashionMNIST_seed2_entropy_history.csv
29,cnn,FashionMNIST,2,42,relu2,1.581791071670552,0.03125994063735,0.4007464209794998,0.98904,0.9118,0.0772399999999999,cnn_FashionMNIST_seed2_entropy_history.csv
29,cnn,FashionMNIST,2,42,relu3,2.3169086506046743,0.03125994063735,0.4007464209794998,0.98904,0.9118,0.0772399999999999,cnn_FashionMNIST_seed2_entropy_history.csv
30,cnn,FashionMNIST,2,42,relu1,3.0720353290163653,0.0245003422957658,0.4430573727726936,0.99196,0.9095,0.0824599999999999,cnn_FashionMNIST_seed2_entropy_history.csv
30,cnn,FashionMNIST,2,42,relu2,1.635444154643899,0.0245003422957658,0.4430573727726936,0.99196,0.9095,0.0824599999999999,cnn_FashionMNIST_seed2_entropy_history.csv
30,cnn,FashionMNIST,2,42,relu3,2.303479257656665,0.0245003422957658,0.4430573727726936,0.99196,0.9095,0.0824599999999999,cnn_FashionMNIST_seed2_entropy_history.csv
1,cnn,FashionMNIST,3,42,relu1,3.652867401724732,0.5620086165714264,0.386554808473587,0.80062,0.86,-0.0593799999999999,cnn_FashionMNIST_seed3_entropy_history.csv
1,cnn,FashionMNIST,3,42,relu2,3.145158658882471,0.5620086165714264,0.386554808473587,0.80062,0.86,-0.0593799999999999,cnn_FashionMNIST_seed3_entropy_history.csv
1,cnn,FashionMNIST,3,42,relu3,2.982041290934138,0.5620086165714264,0.386554808473587,0.80062,0.86,-0.0593799999999999,cnn_FashionMNIST_seed3_entropy_history.csv
2,cnn,FashionMNIST,3,42,relu1,3.636887245985284,0.3611762825107574,0.3276607989311218,0.86982,0.8785,-0.0086799999999999,cnn_FashionMNIST_seed3_entropy_history.csv
2,cnn,FashionMNIST,3,42,relu2,2.8416624319665966,0.3611762825107574,0.3276607989311218,0.86982,0.8785,-0.0086799999999999,cnn_FashionMNIST_seed3_entropy_history.csv
2,cnn,FashionMNIST,3,42,relu3,2.797187596851041,0.3611762825107574,0.3276607989311218,0.86982,0.8785,-0.0086799999999999,cnn_FashionMNIST_seed3_entropy_history.csv
3,cnn,FashionMNIST,3,42,relu1,3.612312891201245,0.3141703347444534,0.3026336448907852,0.88624,0.8869,-0.0006599999999999,cnn_FashionMNIST_seed3_entropy_history.csv
3,cnn,FashionMNIST,3,42,relu2,2.8282641358473635,0.3141703347444534,0.3026336448907852,0.88624,0.8869,-0.0006599999999999,cnn_FashionMNIST_seed3_entropy_history.csv
3,cnn,FashionMNIST,3,42,relu3,2.820137202879005,0.3141703347444534,0.3026336448907852,0.88624,0.8869,-0.0006599999999999,cnn_FashionMNIST_seed3_entropy_history.csv
4,cnn,FashionMNIST,3,42,relu1,3.5499611266893725,0.2829587188005447,0.2902287328362465,0.89744,0.8919,0.0055399999999999,cnn_FashionMNIST_seed3_entropy_history.csv
4,cnn,FashionMNIST,3,42,relu2,2.5882230837393703,0.2829587188005447,0.2902287328362465,0.89744,0.8919,0.0055399999999999,cnn_FashionMNIST_seed3_entropy_history.csv
4,cnn,FashionMNIST,3,42,relu3,2.640709255853112,0.2829587188005447,0.2902287328362465,0.89744,0.8919,0.0055399999999999,cnn_FashionMNIST_seed3_entropy_history.csv
5,cnn,FashionMNIST,3,42,relu1,3.4948986119929963,0.2618759206390381,0.2667703462600708,0.9051,0.9015,0.0036,cnn_FashionMNIST_seed3_entropy_history.csv
5,cnn,FashionMNIST,3,42,relu2,2.452515009828999,0.2618759206390381,0.2667703462600708,0.9051,0.9015,0.0036,cnn_FashionMNIST_seed3_entropy_history.csv
5,cnn,FashionMNIST,3,42,relu3,2.5515127561951134,0.2618759206390381,0.2667703462600708,0.9051,0.9015,0.0036,cnn_FashionMNIST_seed3_entropy_history.csv
6,cnn,FashionMNIST,3,42,relu1,3.4414813445092145,0.2407767776966095,0.2540427635788918,0.91228,0.9046,0.00768,cnn_FashionMNIST_seed3_entropy_history.csv
6,cnn,FashionMNIST,3,42,relu2,2.3321419921116933,0.2407767776966095,0.2540427635788918,0.91228,0.9046,0.00768,cnn_FashionMNIST_seed3_entropy_history.csv
6,cnn,FashionMNIST,3,42,relu3,2.482359807064817,0.2407767776966095,0.2540427635788918,0.91228,0.9046,0.00768,cnn_FashionMNIST_seed3_entropy_history.csv
7,cnn,FashionMNIST,3,42,relu1,3.341506114942998,0.2237524205684662,0.2792137287020683,0.91778,0.8961,0.02168,cnn_FashionMNIST_seed3_entropy_history.csv
7,cnn,FashionMNIST,3,42,relu2,2.1500641022109903,0.2237524205684662,0.2792137287020683,0.91778,0.8961,0.02168,cnn_FashionMNIST_seed3_entropy_history.csv
7,cnn,FashionMNIST,3,42,relu3,2.48052719863251,0.2237524205684662,0.2792137287020683,0.91778,0.8961,0.02168,cnn_FashionMNIST_seed3_entropy_history.csv
8,cnn,FashionMNIST,3,42,relu1,3.30777109565536,0.2114825012636184,0.2563771292686462,0.92208,0.9037,0.01838,cnn_FashionMNIST_seed3_entropy_history.csv
8,cnn,FashionMNIST,3,42,relu2,2.110692477444504,0.2114825012636184,0.2563771292686462,0.92208,0.9037,0.01838,cnn_FashionMNIST_seed3_entropy_history.csv
8,cnn,FashionMNIST,3,42,relu3,2.401401500263212,0.2114825012636184,0.2563771292686462,0.92208,0.9037,0.01838,cnn_FashionMNIST_seed3_entropy_history.csv
9,cnn,FashionMNIST,3,42,relu1,3.290211141863997,0.1952595057821274,0.2544108106613159,0.92824,0.9051,0.0231399999999999,cnn_FashionMNIST_seed3_entropy_history.csv
9,cnn,FashionMNIST,3,42,relu2,2.0047316181803563,0.1952595057821274,0.2544108106613159,0.92824,0.9051,0.0231399999999999,cnn_FashionMNIST_seed3_entropy_history.csv
9,cnn,FashionMNIST,3,42,relu3,2.437158541831776,0.1952595057821274,0.2544108106613159,0.92824,0.9051,0.0231399999999999,cnn_FashionMNIST_seed3_entropy_history.csv
10,cnn,FashionMNIST,3,42,relu1,3.260077969658202,0.1841671512126922,0.2365378752112388,0.93158,0.9142,0.0173799999999999,cnn_FashionMNIST_seed3_entropy_history.csv
10,cnn,FashionMNIST,3,42,relu2,1.9473954915811345,0.1841671512126922,0.2365378752112388,0.93158,0.9142,0.0173799999999999,cnn_FashionMNIST_seed3_entropy_history.csv
10,cnn,FashionMNIST,3,42,relu3,2.34514183993234,0.1841671512126922,0.2365378752112388,0.93158,0.9142,0.0173799999999999,cnn_FashionMNIST_seed3_entropy_history.csv
11,cnn,FashionMNIST,3,42,relu1,3.2753340378052505,0.1710293109750747,0.2531535702347755,0.9362,0.9103,0.0259,cnn_FashionMNIST_seed3_entropy_history.csv
11,cnn,FashionMNIST,3,42,relu2,1.9276261327362547,0.1710293109750747,0.2531535702347755,0.9362,0.9103,0.0259,cnn_FashionMNIST_seed3_entropy_history.csv
11,cnn,FashionMNIST,3,42,relu3,2.3698963670736024,0.1710293109750747,0.2531535702347755,0.9362,0.9103,0.0259,cnn_FashionMNIST_seed3_entropy_history.csv
12,cnn,FashionMNIST,3,42,relu1,3.258414686905293,0.1573189075350761,0.2443330194592476,0.94192,0.9134,0.0285199999999999,cnn_FashionMNIST_seed3_entropy_history.csv
12,cnn,FashionMNIST,3,42,relu2,1.957924443103616,0.1573189075350761,0.2443330194592476,0.94192,0.9134,0.0285199999999999,cnn_FashionMNIST_seed3_entropy_history.csv
12,cnn,FashionMNIST,3,42,relu3,2.438764158348522,0.1573189075350761,0.2443330194592476,0.94192,0.9134,0.0285199999999999,cnn_FashionMNIST_seed3_entropy_history.csv
13,cnn,FashionMNIST,3,42,relu1,3.212613799249043,0.1486885948085785,0.2386022508978843,0.94546,0.9126,0.03286,cnn_FashionMNIST_seed3_entropy_history.csv
13,cnn,FashionMNIST,3,42,relu2,1.8132453811350788,0.1486885948085785,0.2386022508978843,0.94546,0.9126,0.03286,cnn_FashionMNIST_seed3_entropy_history.csv
13,cnn,FashionMNIST,3,42,relu3,2.286143628285981,0.1486885948085785,0.2386022508978843,0.94546,0.9126,0.03286,cnn_FashionMNIST_seed3_entropy_history.csv
14,cnn,FashionMNIST,3,42,relu1,3.2210535208150497,0.1370214052009582,0.2721075969815254,0.95016,0.902,0.0481599999999999,cnn_FashionMNIST_seed3_entropy_history.csv
14,cnn,FashionMNIST,3,42,relu2,1.7952173396101732,0.1370214052009582,0.2721075969815254,0.95016,0.902,0.0481599999999999,cnn_FashionMNIST_seed3_entropy_history.csv
14,cnn,FashionMNIST,3,42,relu3,2.363167496939733,0.1370214052009582,0.2721075969815254,0.95016,0.902,0.0481599999999999,cnn_FashionMNIST_seed3_entropy_history.csv
15,cnn,FashionMNIST,3,42,relu1,3.235780852904653,0.1305799743127823,0.2476013265490532,0.95206,0.9162,0.03586,cnn_FashionMNIST_seed3_entropy_history.csv
15,cnn,FashionMNIST,3,42,relu2,1.797890100422469,0.1305799743127823,0.2476013265490532,0.95206,0.9162,0.03586,cnn_FashionMNIST_seed3_entropy_history.csv
15,cnn,FashionMNIST,3,42,relu3,2.340626995373766,0.1305799743127823,0.2476013265490532,0.95206,0.9162,0.03586,cnn_FashionMNIST_seed3_entropy_history.csv
16,cnn,FashionMNIST,3,42,relu1,3.2070224394897022,0.1201642529821395,0.2574634157061576,0.95596,0.9162,0.03976,cnn_FashionMNIST_seed3_entropy_history.csv
16,cnn,FashionMNIST,3,42,relu2,1.7468542393181412,0.1201642529821395,0.2574634157061576,0.95596,0.9162,0.03976,cnn_FashionMNIST_seed3_entropy_history.csv
16,cnn,FashionMNIST,3,42,relu3,2.372097604078534,0.1201642529821395,0.2574634157061576,0.95596,0.9162,0.03976,cnn_FashionMNIST_seed3_entropy_history.csv
17,cnn,FashionMNIST,3,42,relu1,3.197947053242314,0.110964482216835,0.2632404346942901,0.95892,0.9132,0.0457199999999999,cnn_FashionMNIST_seed3_entropy_history.csv
17,cnn,FashionMNIST,3,42,relu2,1.711454160136176,0.110964482216835,0.2632404346942901,0.95892,0.9132,0.0457199999999999,cnn_FashionMNIST_seed3_entropy_history.csv
17,cnn,FashionMNIST,3,42,relu3,2.2820185317942707,0.110964482216835,0.2632404346942901,0.95892,0.9132,0.0457199999999999,cnn_FashionMNIST_seed3_entropy_history.csv
18,cnn,FashionMNIST,3,42,relu1,3.233919401742904,0.1005025021171569,0.270481795501709,0.96344,0.9102,0.0532399999999999,cnn_FashionMNIST_seed3_entropy_history.csv
18,cnn,FashionMNIST,3,42,relu2,1.6080144277597097,0.1005025021171569,0.270481795501709,0.96344,0.9102,0.0532399999999999,cnn_FashionMNIST_seed3_entropy_history.csv
18,cnn,FashionMNIST,3,42,relu3,2.2090555028658274,0.1005025021171569,0.270481795501709,0.96344,0.9102,0.0532399999999999,cnn_FashionMNIST_seed3_entropy_history.csv
19,cnn,FashionMNIST,3,42,relu1,3.228535469842946,0.0931246331834793,0.2949291227579116,0.96534,0.9092,0.0561399999999999,cnn_FashionMNIST_seed3_entropy_history.csv
19,cnn,FashionMNIST,3,42,relu2,1.6746734826159992,0.0931246331834793,0.2949291227579116,0.96534,0.9092,0.0561399999999999,cnn_FashionMNIST_seed3_entropy_history.csv
19,cnn,FashionMNIST,3,42,relu3,2.3214329208382685,0.0931246331834793,0.2949291227579116,0.96534,0.9092,0.0561399999999999,cnn_FashionMNIST_seed3_entropy_history.csv
20,cnn,FashionMNIST,3,42,relu1,3.236271442197144,0.0840950145900249,0.2915908057928085,0.96926,0.9116,0.05766,cnn_FashionMNIST_seed3_entropy_history.csv
20,cnn,FashionMNIST,3,42,relu2,1.616682477161823,0.0840950145900249,0.2915908057928085,0.96926,0.9116,0.05766,cnn_FashionMNIST_seed3_entropy_history.csv
20,cnn,FashionMNIST,3,42,relu3,2.268727018552766,0.0840950145900249,0.2915908057928085,0.96926,0.9116,0.05766,cnn_FashionMNIST_seed3_entropy_history.csv
21,cnn,FashionMNIST,3,42,relu1,3.262489628467667,0.0749181497859954,0.3080727618813514,0.97248,0.9126,0.05988,cnn_FashionMNIST_seed3_entropy_history.csv
21,cnn,FashionMNIST,3,42,relu2,1.6385471545825885,0.0749181497859954,0.3080727618813514,0.97248,0.9126,0.05988,cnn_FashionMNIST_seed3_entropy_history.csv
21,cnn,FashionMNIST,3,42,relu3,2.218998383458469,0.0749181497859954,0.3080727618813514,0.97248,0.9126,0.05988,cnn_FashionMNIST_seed3_entropy_history.csv
22,cnn,FashionMNIST,3,42,relu1,3.2235428418278,0.0710905231070518,0.310580337524414,0.97376,0.9128,0.06096,cnn_FashionMNIST_seed3_entropy_history.csv
22,cnn,FashionMNIST,3,42,relu2,1.6810177213599566,0.0710905231070518,0.310580337524414,0.97376,0.9128,0.06096,cnn_FashionMNIST_seed3_entropy_history.csv
22,cnn,FashionMNIST,3,42,relu3,2.30857133823656,0.0710905231070518,0.310580337524414,0.97376,0.9128,0.06096,cnn_FashionMNIST_seed3_entropy_history.csv
23,cnn,FashionMNIST,3,42,relu1,3.1981152427412387,0.0631504455208778,0.3398438871145248,0.97668,0.9112,0.0654799999999999,cnn_FashionMNIST_seed3_entropy_history.csv
23,cnn,FashionMNIST,3,42,relu2,1.670133841008567,0.0631504455208778,0.3398438871145248,0.97668,0.9112,0.0654799999999999,cnn_FashionMNIST_seed3_entropy_history.csv
23,cnn,FashionMNIST,3,42,relu3,2.3654622416377107,0.0631504455208778,0.3398438871145248,0.97668,0.9112,0.0654799999999999,cnn_FashionMNIST_seed3_entropy_history.csv
24,cnn,FashionMNIST,3,42,relu1,3.2246235950054287,0.0584461972737312,0.3296364638924599,0.97906,0.9142,0.06486,cnn_FashionMNIST_seed3_entropy_history.csv
24,cnn,FashionMNIST,3,42,relu2,1.6233748728269242,0.0584461972737312,0.3296364638924599,0.97906,0.9142,0.06486,cnn_FashionMNIST_seed3_entropy_history.csv
24,cnn,FashionMNIST,3,42,relu3,2.2506061240891744,0.0584461972737312,0.3296364638924599,0.97906,0.9142,0.06486,cnn_FashionMNIST_seed3_entropy_history.csv
25,cnn,FashionMNIST,3,42,relu1,3.21957566244618,0.0518720060908794,0.3496185845971107,0.98124,0.911,0.0702399999999999,cnn_FashionMNIST_seed3_entropy_history.csv
25,cnn,FashionMNIST,3,42,relu2,1.6150195538382068,0.0518720060908794,0.3496185845971107,0.98124,0.911,0.0702399999999999,cnn_FashionMNIST_seed3_entropy_history.csv
25,cnn,FashionMNIST,3,42,relu3,2.268444623508326,0.0518720060908794,0.3496185845971107,0.98124,0.911,0.0702399999999999,cnn_FashionMNIST_seed3_entropy_history.csv
26,cnn,FashionMNIST,3,42,relu1,3.1306436654720105,0.0492195046168565,0.3564043866872787,0.98222,0.9171,0.0651199999999999,cnn_FashionMNIST_seed3_entropy_history.csv
26,cnn,FashionMNIST,3,42,relu2,1.6486306747884991,0.0492195046168565,0.3564043866872787,0.98222,0.9171,0.0651199999999999,cnn_FashionMNIST_seed3_entropy_history.csv
26,cnn,FashionMNIST,3,42,relu3,2.302046395183317,0.0492195046168565,0.3564043866872787,0.98222,0.9171,0.0651199999999999,cnn_FashionMNIST_seed3_entropy_history.csv
27,cnn,FashionMNIST,3,42,relu1,3.165666441159565,0.0440507190692424,0.3558659708499908,0.98408,0.9161,0.0679799999999999,cnn_FashionMNIST_seed3_entropy_history.csv
27,cnn,FashionMNIST,3,42,relu2,1.5989093385964015,0.0440507190692424,0.3558659708499908,0.98408,0.9161,0.0679799999999999,cnn_FashionMNIST_seed3_entropy_history.csv
27,cnn,FashionMNIST,3,42,relu3,2.2363388163606475,0.0440507190692424,0.3558659708499908,0.98408,0.9161,0.0679799999999999,cnn_FashionMNIST_seed3_entropy_history.csv
28,cnn,FashionMNIST,3,42,relu1,3.2014857126888763,0.0401043510711193,0.3721178528070449,0.98608,0.9172,0.0688799999999999,cnn_FashionMNIST_seed3_entropy_history.csv
28,cnn,FashionMNIST,3,42,relu2,1.5854671551159043,0.0401043510711193,0.3721178528070449,0.98608,0.9172,0.0688799999999999,cnn_FashionMNIST_seed3_entropy_history.csv
28,cnn,FashionMNIST,3,42,relu3,2.265261959343289,0.0401043510711193,0.3721178528070449,0.98608,0.9172,0.0688799999999999,cnn_FashionMNIST_seed3_entropy_history.csv
29,cnn,FashionMNIST,3,42,relu1,3.1446882954678763,0.0357468717068433,0.4117702336907387,0.9875,0.9133,0.0742,cnn_FashionMNIST_seed3_entropy_history.csv
29,cnn,FashionMNIST,3,42,relu2,1.5863439711223948,0.0357468717068433,0.4117702336907387,0.9875,0.9133,0.0742,cnn_FashionMNIST_seed3_entropy_history.csv
29,cnn,FashionMNIST,3,42,relu3,2.3209544245885443,0.0357468717068433,0.4117702336907387,0.9875,0.9133,0.0742,cnn_FashionMNIST_seed3_entropy_history.csv
30,cnn,FashionMNIST,3,42,relu1,3.119445335218676,0.0367548453009128,0.4206408123731613,0.98678,0.9096,0.07718,cnn_FashionMNIST_seed3_entropy_history.csv
30,cnn,FashionMNIST,3,42,relu2,1.5821112884736623,0.0367548453009128,0.4206408123731613,0.98678,0.9096,0.07718,cnn_FashionMNIST_seed3_entropy_history.csv
30,cnn,FashionMNIST,3,42,relu3,2.258026974749274,0.0367548453009128,0.4206408123731613,0.98678,0.9096,0.07718,cnn_FashionMNIST_seed3_entropy_history.csv
1,cnn,FashionMNIST,4,42,relu1,2.9148239939606007,0.5657812238693237,0.387280530834198,0.80018,0.8614,-0.06122,cnn_FashionMNIST_seed4_entropy_history.csv
1,cnn,FashionMNIST,4,42,relu2,3.09787264539275,0.5657812238693237,0.387280530834198,0.80018,0.8614,-0.06122,cnn_FashionMNIST_seed4_entropy_history.csv
1,cnn,FashionMNIST,4,42,relu3,3.2105578701064617,0.5657812238693237,0.387280530834198,0.80018,0.8614,-0.06122,cnn_FashionMNIST_seed4_entropy_history.csv
2,cnn,FashionMNIST,4,42,relu1,2.9722667116582677,0.3558269269752502,0.3266350198030471,0.873,0.882,-0.009,cnn_FashionMNIST_seed4_entropy_history.csv
2,cnn,FashionMNIST,4,42,relu2,2.456944460792908,0.3558269269752502,0.3266350198030471,0.873,0.882,-0.009,cnn_FashionMNIST_seed4_entropy_history.csv
2,cnn,FashionMNIST,4,42,relu3,2.8566219904268517,0.3558269269752502,0.3266350198030471,0.873,0.882,-0.009,cnn_FashionMNIST_seed4_entropy_history.csv
3,cnn,FashionMNIST,4,42,relu1,3.003581698153138,0.3072758229923248,0.2917401382923126,0.8889,0.8924,-0.0034999999999999,cnn_FashionMNIST_seed4_entropy_history.csv
3,cnn,FashionMNIST,4,42,relu2,2.365256394396969,0.3072758229923248,0.2917401382923126,0.8889,0.8924,-0.0034999999999999,cnn_FashionMNIST_seed4_entropy_history.csv
3,cnn,FashionMNIST,4,42,relu3,2.842034398683517,0.3072758229923248,0.2917401382923126,0.8889,0.8924,-0.0034999999999999,cnn_FashionMNIST_seed4_entropy_history.csv
4,cnn,FashionMNIST,4,42,relu1,3.0100834295890517,0.273686001791954,0.2795267969369888,0.89958,0.8968,0.00278,cnn_FashionMNIST_seed4_entropy_history.csv
4,cnn,FashionMNIST,4,42,relu2,2.2560230806388013,0.273686001791954,0.2795267969369888,0.89958,0.8968,0.00278,cnn_FashionMNIST_seed4_entropy_history.csv
4,cnn,FashionMNIST,4,42,relu3,2.770302548346156,0.273686001791954,0.2795267969369888,0.89958,0.8968,0.00278,cnn_FashionMNIST_seed4_entropy_history.csv
5,cnn,FashionMNIST,4,42,relu1,3.0937011070449563,0.2498873848628997,0.287500442636013,0.91044,0.8959,0.0145399999999999,cnn_FashionMNIST_seed4_entropy_history.csv
5,cnn,FashionMNIST,4,42,relu2,2.13610280821725,0.2498873848628997,0.287500442636013,0.91044,0.8959,0.0145399999999999,cnn_FashionMNIST_seed4_entropy_history.csv
5,cnn,FashionMNIST,4,42,relu3,2.699165766954419,0.2498873848628997,0.287500442636013,0.91044,0.8959,0.0145399999999999,cnn_FashionMNIST_seed4_entropy_history.csv
6,cnn,FashionMNIST,4,42,relu1,3.096452905507162,0.2321872059059143,0.2517094168424606,0.91484,0.9065,0.00834,cnn_FashionMNIST_seed4_entropy_history.csv
6,cnn,FashionMNIST,4,42,relu2,2.0455720808240376,0.2321872059059143,0.2517094168424606,0.91484,0.9065,0.00834,cnn_FashionMNIST_seed4_entropy_history.csv
6,cnn,FashionMNIST,4,42,relu3,2.625171517596596,0.2321872059059143,0.2517094168424606,0.91484,0.9065,0.00834,cnn_FashionMNIST_seed4_entropy_history.csv
7,cnn,FashionMNIST,4,42,relu1,3.138422623701926,0.2137735247039794,0.2511124108314514,0.92056,0.907,0.01356,cnn_FashionMNIST_seed4_entropy_history.csv
7,cnn,FashionMNIST,4,42,relu2,2.0052821933104514,0.2137735247039794,0.2511124108314514,0.92056,0.907,0.01356,cnn_FashionMNIST_seed4_entropy_history.csv
7,cnn,FashionMNIST,4,42,relu3,2.609049201197128,0.2137735247039794,0.2511124108314514,0.92056,0.907,0.01356,cnn_FashionMNIST_seed4_entropy_history.csv
8,cnn,FashionMNIST,4,42,relu1,3.075882633117794,0.1991329169082641,0.2374897448778152,0.92654,0.9147,0.01184,cnn_FashionMNIST_seed4_entropy_history.csv
8,cnn,FashionMNIST,4,42,relu2,1.7461069492427566,0.1991329169082641,0.2374897448778152,0.92654,0.9147,0.01184,cnn_FashionMNIST_seed4_entropy_history.csv
8,cnn,FashionMNIST,4,42,relu3,2.497123996535912,0.1991329169082641,0.2374897448778152,0.92654,0.9147,0.01184,cnn_FashionMNIST_seed4_entropy_history.csv
9,cnn,FashionMNIST,4,42,relu1,3.072515449148955,0.1840293189620971,0.2334969686031341,0.93182,0.9139,0.0179199999999999,cnn_FashionMNIST_seed4_entropy_history.csv
9,cnn,FashionMNIST,4,42,relu2,1.824704909086758,0.1840293189620971,0.2334969686031341,0.93182,0.9139,0.0179199999999999,cnn_FashionMNIST_seed4_entropy_history.csv
9,cnn,FashionMNIST,4,42,relu3,2.54549902071034,0.1840293189620971,0.2334969686031341,0.93182,0.9139,0.0179199999999999,cnn_FashionMNIST_seed4_entropy_history.csv
10,cnn,FashionMNIST,4,42,relu1,3.0290852991279014,0.1701144634532928,0.237626233625412,0.93678,0.915,0.0217799999999999,cnn_FashionMNIST_seed4_entropy_history.csv
10,cnn,FashionMNIST,4,42,relu2,1.866469480875366,0.1701144634532928,0.237626233625412,0.93678,0.915,0.0217799999999999,cnn_FashionMNIST_seed4_entropy_history.csv
10,cnn,FashionMNIST,4,42,relu3,2.584194324937448,0.1701144634532928,0.237626233625412,0.93678,0.915,0.0217799999999999,cnn_FashionMNIST_seed4_entropy_history.csv
11,cnn,FashionMNIST,4,42,relu1,2.985894972813434,0.1583294908618927,0.2595783359408378,0.94308,0.9087,0.03438,cnn_FashionMNIST_seed4_entropy_history.csv
11,cnn,FashionMNIST,4,42,relu2,1.6114086682793816,0.1583294908618927,0.2595783359408378,0.94308,0.9087,0.03438,cnn_FashionMNIST_seed4_entropy_history.csv
11,cnn,FashionMNIST,4,42,relu3,2.437709155657097,0.1583294908618927,0.2595783359408378,0.94308,0.9087,0.03438,cnn_FashionMNIST_seed4_entropy_history.csv
12,cnn,FashionMNIST,4,42,relu1,3.0650047875078283,0.145784815621376,0.2443782038927078,0.9465,0.913,0.0334999999999999,cnn_FashionMNIST_seed4_entropy_history.csv
12,cnn,FashionMNIST,4,42,relu2,1.6002260712802,0.145784815621376,0.2443782038927078,0.9465,0.913,0.0334999999999999,cnn_FashionMNIST_seed4_entropy_history.csv
12,cnn,FashionMNIST,4,42,relu3,2.3779189082834127,0.145784815621376,0.2443782038927078,0.9465,0.913,0.0334999999999999,cnn_FashionMNIST_seed4_entropy_history.csv
13,cnn,FashionMNIST,4,42,relu1,3.066046050124009,0.1332231229257583,0.2345211277246475,0.95124,0.9198,0.03144,cnn_FashionMNIST_seed4_entropy_history.csv
13,cnn,FashionMNIST,4,42,relu2,1.7441201055246225,0.1332231229257583,0.2345211277246475,0.95124,0.9198,0.03144,cnn_FashionMNIST_seed4_entropy_history.csv
13,cnn,FashionMNIST,4,42,relu3,2.508266476055822,0.1332231229257583,0.2345211277246475,0.95124,0.9198,0.03144,cnn_FashionMNIST_seed4_entropy_history.csv
14,cnn,FashionMNIST,4,42,relu1,3.0437364734837344,0.1188665936279296,0.2629653443694115,0.95688,0.9136,0.0432799999999999,cnn_FashionMNIST_seed4_entropy_history.csv
14,cnn,FashionMNIST,4,42,relu2,1.6616962636909944,0.1188665936279296,0.2629653443694115,0.95688,0.9136,0.0432799999999999,cnn_FashionMNIST_seed4_entropy_history.csv
14,cnn,FashionMNIST,4,42,relu3,2.490617200886384,0.1188665936279296,0.2629653443694115,0.95688,0.9136,0.0432799999999999,cnn_FashionMNIST_seed4_entropy_history.csv
15,cnn,FashionMNIST,4,42,relu1,3.0154510237007197,0.1110125334119796,0.2439688221693039,0.95942,0.9171,0.04232,cnn_FashionMNIST_seed4_entropy_history.csv
15,cnn,FashionMNIST,4,42,relu2,1.6107848056577831,0.1110125334119796,0.2439688221693039,0.95942,0.9171,0.04232,cnn_FashionMNIST_seed4_entropy_history.csv
15,cnn,FashionMNIST,4,42,relu3,2.4497770463490425,0.1110125334119796,0.2439688221693039,0.95942,0.9171,0.04232,cnn_FashionMNIST_seed4_entropy_history.csv
16,cnn,FashionMNIST,4,42,relu1,2.9624247434847244,0.1034545519208908,0.2878047562122345,0.96276,0.9071,0.0556599999999999,cnn_FashionMNIST_seed4_entropy_history.csv
16,cnn,FashionMNIST,4,42,relu2,1.636259376651071,0.1034545519208908,0.2878047562122345,0.96276,0.9071,0.0556599999999999,cnn_FashionMNIST_seed4_entropy_history.csv
16,cnn,FashionMNIST,4,42,relu3,2.4157018035606304,0.1034545519208908,0.2878047562122345,0.96276,0.9071,0.0556599999999999,cnn_FashionMNIST_seed4_entropy_history.csv
17,cnn,FashionMNIST,4,42,relu1,3.0470734677109688,0.0933563322806358,0.2664013064861297,0.96626,0.9175,0.04876,cnn_FashionMNIST_seed4_entropy_history.csv
17,cnn,FashionMNIST,4,42,relu2,1.5494109540014165,0.0933563322806358,0.2664013064861297,0.96626,0.9175,0.04876,cnn_FashionMNIST_seed4_entropy_history.csv
17,cnn,FashionMNIST,4,42,relu3,2.408928602129677,0.0933563322806358,0.2664013064861297,0.96626,0.9175,0.04876,cnn_FashionMNIST_seed4_entropy_history.csv
18,cnn,FashionMNIST,4,42,relu1,2.9875964524655743,0.0818463325500488,0.2760323874592781,0.97144,0.9175,0.0539399999999999,cnn_FashionMNIST_seed4_entropy_history.csv
18,cnn,FashionMNIST,4,42,relu2,1.5558887826322632,0.0818463325500488,0.2760323874592781,0.97144,0.9175,0.0539399999999999,cnn_FashionMNIST_seed4_entropy_history.csv
18,cnn,FashionMNIST,4,42,relu3,2.4702728664810167,0.0818463325500488,0.2760323874592781,0.97144,0.9175,0.0539399999999999,cnn_FashionMNIST_seed4_entropy_history.csv
19,cnn,FashionMNIST,4,42,relu1,2.988220326736881,0.0765900860762596,0.27090550532341,0.9716,0.9188,0.0528,cnn_FashionMNIST_seed4_entropy_history.csv
19,cnn,FashionMNIST,4,42,relu2,1.5752438599926,0.0765900860762596,0.27090550532341,0.9716,0.9188,0.0528,cnn_FashionMNIST_seed4_entropy_history.csv
19,cnn,FashionMNIST,4,42,relu3,2.4103673853792973,0.0765900860762596,0.27090550532341,0.9716,0.9188,0.0528,cnn_FashionMNIST_seed4_entropy_history.csv
20,cnn,FashionMNIST,4,42,relu1,2.9544775086306108,0.0680841992723941,0.3011020705401897,0.97562,0.9176,0.05802,cnn_FashionMNIST_seed4_entropy_history.csv
20,cnn,FashionMNIST,4,42,relu2,1.6258660941256395,0.0680841992723941,0.3011020705401897,0.97562,0.9176,0.05802,cnn_FashionMNIST_seed4_entropy_history.csv
20,cnn,FashionMNIST,4,42,relu3,2.5303019361682737,0.0680841992723941,0.3011020705401897,0.97562,0.9176,0.05802,cnn_FashionMNIST_seed4_entropy_history.csv
21,cnn,FashionMNIST,4,42,relu1,2.9859233067639472,0.0620689533019065,0.2958561892986298,0.97748,0.9157,0.06178,cnn_FashionMNIST_seed4_entropy_history.csv
21,cnn,FashionMNIST,4,42,relu2,1.5779692964183332,0.0620689533019065,0.2958561892986298,0.97748,0.9157,0.06178,cnn_FashionMNIST_seed4_entropy_history.csv
21,cnn,FashionMNIST,4,42,relu3,2.4696680774126043,0.0620689533019065,0.2958561892986298,0.97748,0.9157,0.06178,cnn_FashionMNIST_seed4_entropy_history.csv
22,cnn,FashionMNIST,4,42,relu1,3.0682565313133505,0.0532986868083477,0.340309562420845,0.98084,0.9124,0.06844,cnn_FashionMNIST_seed4_entropy_history.csv
22,cnn,FashionMNIST,4,42,relu2,1.580411090023888,0.0532986868083477,0.340309562420845,0.98084,0.9124,0.06844,cnn_FashionMNIST_seed4_entropy_history.csv
22,cnn,FashionMNIST,4,42,relu3,2.542631109192724,0.0532986868083477,0.340309562420845,0.98084,0.9124,0.06844,cnn_FashionMNIST_seed4_entropy_history.csv
23,cnn,FashionMNIST,4,42,relu1,2.9551864346571155,0.0491376264011859,0.3346480352282524,0.9828,0.9173,0.0655,cnn_FashionMNIST_seed4_entropy_history.csv
23,cnn,FashionMNIST,4,42,relu2,1.560486910785612,0.0491376264011859,0.3346480352282524,0.9828,0.9173,0.0655,cnn_FashionMNIST_seed4_entropy_history.csv
23,cnn,FashionMNIST,4,42,relu3,2.51148348031648,0.0491376264011859,0.3346480352282524,0.9828,0.9173,0.0655,cnn_FashionMNIST_seed4_entropy_history.csv
24,cnn,FashionMNIST,4,42,relu1,2.998933032395509,0.0429677645134925,0.344345505464077,0.98448,0.9188,0.06568,cnn_FashionMNIST_seed4_entropy_history.csv
24,cnn,FashionMNIST,4,42,relu2,1.5498582553364113,0.0429677645134925,0.344345505464077,0.98448,0.9188,0.06568,cnn_FashionMNIST_seed4_entropy_history.csv
24,cnn,FashionMNIST,4,42,relu3,2.469081337105233,0.0429677645134925,0.344345505464077,0.98448,0.9188,0.06568,cnn_FashionMNIST_seed4_entropy_history.csv
25,cnn,FashionMNIST,4,42,relu1,2.949312586072252,0.0420726509702205,0.3901469968147575,0.98494,0.9144,0.07054,cnn_FashionMNIST_seed4_entropy_history.csv
25,cnn,FashionMNIST,4,42,relu2,1.5212447554528967,0.0420726509702205,0.3901469968147575,0.98494,0.9144,0.07054,cnn_FashionMNIST_seed4_entropy_history.csv
25,cnn,FashionMNIST,4,42,relu3,2.507224407192264,0.0420726509702205,0.3901469968147575,0.98494,0.9144,0.07054,cnn_FashionMNIST_seed4_entropy_history.csv
26,cnn,FashionMNIST,4,42,relu1,2.912844886478476,0.0366861201912164,0.3827787858009338,0.98736,0.9139,0.0734599999999999,cnn_FashionMNIST_seed4_entropy_history.csv
26,cnn,FashionMNIST,4,42,relu2,1.4838962180754316,0.0366861201912164,0.3827787858009338,0.98736,0.9139,0.0734599999999999,cnn_FashionMNIST_seed4_entropy_history.csv
26,cnn,FashionMNIST,4,42,relu3,2.492482302157027,0.0366861201912164,0.3827787858009338,0.98736,0.9139,0.0734599999999999,cnn_FashionMNIST_seed4_entropy_history.csv
27,cnn,FashionMNIST,4,42,relu1,2.925313446773132,0.0332422539854049,0.4039679157495499,0.98854,0.9116,0.07694,cnn_FashionMNIST_seed4_entropy_history.csv
27,cnn,FashionMNIST,4,42,relu2,1.4782292330393023,0.0332422539854049,0.4039679157495499,0.98854,0.9116,0.07694,cnn_FashionMNIST_seed4_entropy_history.csv
27,cnn,FashionMNIST,4,42,relu3,2.452278376109772,0.0332422539854049,0.4039679157495499,0.98854,0.9116,0.07694,cnn_FashionMNIST_seed4_entropy_history.csv
28,cnn,FashionMNIST,4,42,relu1,2.933524856187245,0.0284292783236503,0.3929987734377384,0.99024,0.9154,0.07484,cnn_FashionMNIST_seed4_entropy_history.csv
28,cnn,FashionMNIST,4,42,relu2,1.5289336342850663,0.0284292783236503,0.3929987734377384,0.99024,0.9154,0.07484,cnn_FashionMNIST_seed4_entropy_history.csv
28,cnn,FashionMNIST,4,42,relu3,2.4933221638805234,0.0284292783236503,0.3929987734377384,0.99024,0.9154,0.07484,cnn_FashionMNIST_seed4_entropy_history.csv
29,cnn,FashionMNIST,4,42,relu1,2.874110360706753,0.0250348684525489,0.4393465604305267,0.99142,0.9123,0.0791199999999999,cnn_FashionMNIST_seed4_entropy_history.csv
29,cnn,FashionMNIST,4,42,relu2,1.483927657180444,0.0250348684525489,0.4393465604305267,0.99142,0.9123,0.0791199999999999,cnn_FashionMNIST_seed4_entropy_history.csv
29,cnn,FashionMNIST,4,42,relu3,2.4897134463391746,0.0250348684525489,0.4393465604305267,0.99142,0.9123,0.0791199999999999,cnn_FashionMNIST_seed4_entropy_history.csv
30,cnn,FashionMNIST,4,42,relu1,2.9370442548019366,0.0229088275396823,0.4425310029983521,0.99208,0.917,0.0750799999999999,cnn_FashionMNIST_seed4_entropy_history.csv
30,cnn,FashionMNIST,4,42,relu2,1.5886983501049154,0.0229088275396823,0.4425310029983521,0.99208,0.917,0.0750799999999999,cnn_FashionMNIST_seed4_entropy_history.csv
30,cnn,FashionMNIST,4,42,relu3,2.5365018770006342,0.0229088275396823,0.4425310029983521,0.99208,0.917,0.0750799999999999,cnn_FashionMNIST_seed4_entropy_history.csv
1,cnn,FashionMNIST,5,42,relu1,3.141874879896907,0.5241052202224732,0.3632287498950958,0.814,0.8715,-0.0575000000000001,cnn_FashionMNIST_seed5_entropy_history.csv
1,cnn,FashionMNIST,5,42,relu2,2.870940548671951,0.5241052202224732,0.3632287498950958,0.814,0.8715,-0.0575000000000001,cnn_FashionMNIST_seed5_entropy_history.csv
1,cnn,FashionMNIST,5,42,relu3,3.298765251747634,0.5241052202224732,0.3632287498950958,0.814,0.8715,-0.0575000000000001,cnn_FashionMNIST_seed5_entropy_history.csv
2,cnn,FashionMNIST,5,42,relu1,3.0792428250555512,0.3379771402072906,0.306153325343132,0.8787,0.8857,-0.007,cnn_FashionMNIST_seed5_entropy_history.csv
2,cnn,FashionMNIST,5,42,relu2,2.3757529538226168,0.3379771402072906,0.306153325343132,0.8787,0.8857,-0.007,cnn_FashionMNIST_seed5_entropy_history.csv
2,cnn,FashionMNIST,5,42,relu3,3.0536586977302727,0.3379771402072906,0.306153325343132,0.8787,0.8857,-0.007,cnn_FashionMNIST_seed5_entropy_history.csv
3,cnn,FashionMNIST,5,42,relu1,3.051768483203324,0.2923999641990661,0.2912170276880264,0.89422,0.8927,0.0015199999999999,cnn_FashionMNIST_seed5_entropy_history.csv
3,cnn,FashionMNIST,5,42,relu2,2.154248572005879,0.2923999641990661,0.2912170276880264,0.89422,0.8927,0.0015199999999999,cnn_FashionMNIST_seed5_entropy_history.csv
3,cnn,FashionMNIST,5,42,relu3,2.877686084249881,0.2923999641990661,0.2912170276880264,0.89422,0.8927,0.0015199999999999,cnn_FashionMNIST_seed5_entropy_history.csv
4,cnn,FashionMNIST,5,42,relu1,3.009536923400377,0.261550399312973,0.2770399293065071,0.9055,0.8941,0.0113999999999999,cnn_FashionMNIST_seed5_entropy_history.csv
4,cnn,FashionMNIST,5,42,relu2,2.12153170117954,0.261550399312973,0.2770399293065071,0.9055,0.8941,0.0113999999999999,cnn_FashionMNIST_seed5_entropy_history.csv
4,cnn,FashionMNIST,5,42,relu3,2.858792905713329,0.261550399312973,0.2770399293065071,0.9055,0.8941,0.0113999999999999,cnn_FashionMNIST_seed5_entropy_history.csv
5,cnn,FashionMNIST,5,42,relu1,2.983278535568068,0.2379766275787353,0.2534181741714477,0.91342,0.9046,0.00882,cnn_FashionMNIST_seed5_entropy_history.csv
5,cnn,FashionMNIST,5,42,relu2,2.0306380369103274,0.2379766275787353,0.2534181741714477,0.91342,0.9046,0.00882,cnn_FashionMNIST_seed5_entropy_history.csv
5,cnn,FashionMNIST,5,42,relu3,2.8420058644300776,0.2379766275787353,0.2534181741714477,0.91342,0.9046,0.00882,cnn_FashionMNIST_seed5_entropy_history.csv
6,cnn,FashionMNIST,5,42,relu1,2.9327502666459253,0.2220722822713852,0.2539211844801903,0.91902,0.9041,0.0149199999999999,cnn_FashionMNIST_seed5_entropy_history.csv
6,cnn,FashionMNIST,5,42,relu2,1.8016685153801784,0.2220722822713852,0.2539211844801903,0.91902,0.9041,0.0149199999999999,cnn_FashionMNIST_seed5_entropy_history.csv
6,cnn,FashionMNIST,5,42,relu3,2.6658299336131224,0.2220722822713852,0.2539211844801903,0.91902,0.9041,0.0149199999999999,cnn_FashionMNIST_seed5_entropy_history.csv
7,cnn,FashionMNIST,5,42,relu1,2.8013852309425995,0.205579175043106,0.243567729139328,0.92536,0.9077,0.01766,cnn_FashionMNIST_seed5_entropy_history.csv
7,cnn,FashionMNIST,5,42,relu2,1.848294657884727,0.205579175043106,0.243567729139328,0.92536,0.9077,0.01766,cnn_FashionMNIST_seed5_entropy_history.csv
7,cnn,FashionMNIST,5,42,relu3,2.712855057483756,0.205579175043106,0.243567729139328,0.92536,0.9077,0.01766,cnn_FashionMNIST_seed5_entropy_history.csv
8,cnn,FashionMNIST,5,42,relu1,2.831421622279553,0.1876804266500473,0.2377201735734939,0.93118,0.9147,0.01648,cnn_FashionMNIST_seed5_entropy_history.csv
8,cnn,FashionMNIST,5,42,relu2,1.844160577478937,0.1876804266500473,0.2377201735734939,0.93118,0.9147,0.01648,cnn_FashionMNIST_seed5_entropy_history.csv
8,cnn,FashionMNIST,5,42,relu3,2.656693363460085,0.1876804266500473,0.2377201735734939,0.93118,0.9147,0.01648,cnn_FashionMNIST_seed5_entropy_history.csv
9,cnn,FashionMNIST,5,42,relu1,2.822794451197167,0.1729124222135543,0.2303516678452492,0.9371,0.9147,0.0224,cnn_FashionMNIST_seed5_entropy_history.csv
9,cnn,FashionMNIST,5,42,relu2,1.8222213141107904,0.1729124222135543,0.2303516678452492,0.9371,0.9147,0.0224,cnn_FashionMNIST_seed5_entropy_history.csv
9,cnn,FashionMNIST,5,42,relu3,2.6866439696546465,0.1729124222135543,0.2303516678452492,0.9371,0.9147,0.0224,cnn_FashionMNIST_seed5_entropy_history.csv
10,cnn,FashionMNIST,5,42,relu1,2.8271588459292465,0.1624896329832077,0.2463169200420379,0.94006,0.9108,0.0292599999999999,cnn_FashionMNIST_seed5_entropy_history.csv
10,cnn,FashionMNIST,5,42,relu2,1.7819029872316836,0.1624896329832077,0.2463169200420379,0.94006,0.9108,0.0292599999999999,cnn_FashionMNIST_seed5_entropy_history.csv
10,cnn,FashionMNIST,5,42,relu3,2.7042467349670205,0.1624896329832077,0.2463169200420379,0.94006,0.9108,0.0292599999999999,cnn_FashionMNIST_seed5_entropy_history.csv
11,cnn,FashionMNIST,5,42,relu1,2.799066136723251,0.1494984526395797,0.2391222510337829,0.946,0.9129,0.0330999999999999,cnn_FashionMNIST_seed5_entropy_history.csv
11,cnn,FashionMNIST,5,42,relu2,1.7381559315725803,0.1494984526395797,0.2391222510337829,0.946,0.9129,0.0330999999999999,cnn_FashionMNIST_seed5_entropy_history.csv
11,cnn,FashionMNIST,5,42,relu3,2.670784823152885,0.1494984526395797,0.2391222510337829,0.946,0.9129,0.0330999999999999,cnn_FashionMNIST_seed5_entropy_history.csv
12,cnn,FashionMNIST,5,42,relu1,2.8093056529588933,0.137950648818016,0.2357270301580429,0.94994,0.9159,0.0340399999999999,cnn_FashionMNIST_seed5_entropy_history.csv
12,cnn,FashionMNIST,5,42,relu2,1.713012146445573,0.137950648818016,0.2357270301580429,0.94994,0.9159,0.0340399999999999,cnn_FashionMNIST_seed5_entropy_history.csv
12,cnn,FashionMNIST,5,42,relu3,2.632573752864708,0.137950648818016,0.2357270301580429,0.94994,0.9159,0.0340399999999999,cnn_FashionMNIST_seed5_entropy_history.csv
13,cnn,FashionMNIST,5,42,relu1,2.8773375796258804,0.1239933420705795,0.2408621637105941,0.9548,0.9161,0.0386999999999999,cnn_FashionMNIST_seed5_entropy_history.csv
13,cnn,FashionMNIST,5,42,relu2,1.729024922137952,0.1239933420705795,0.2408621637105941,0.9548,0.9161,0.0386999999999999,cnn_FashionMNIST_seed5_entropy_history.csv
13,cnn,FashionMNIST,5,42,relu3,2.5610298412528585,0.1239933420705795,0.2408621637105941,0.9548,0.9161,0.0386999999999999,cnn_FashionMNIST_seed5_entropy_history.csv
14,cnn,FashionMNIST,5,42,relu1,2.805182345598696,0.1180151937013864,0.256913626819849,0.95646,0.9124,0.0440599999999999,cnn_FashionMNIST_seed5_entropy_history.csv
14,cnn,FashionMNIST,5,42,relu2,1.6116481688231452,0.1180151937013864,0.256913626819849,0.95646,0.9124,0.0440599999999999,cnn_FashionMNIST_seed5_entropy_history.csv
14,cnn,FashionMNIST,5,42,relu3,2.534725276768016,0.1180151937013864,0.256913626819849,0.95646,0.9124,0.0440599999999999,cnn_FashionMNIST_seed5_entropy_history.csv
15,cnn,FashionMNIST,5,42,relu1,2.824574229857467,0.1049352776956558,0.2596952013850212,0.96256,0.9149,0.0476599999999999,cnn_FashionMNIST_seed5_entropy_history.csv
15,cnn,FashionMNIST,5,42,relu2,1.5923180065129885,0.1049352776956558,0.2596952013850212,0.96256,0.9149,0.0476599999999999,cnn_FashionMNIST_seed5_entropy_history.csv
15,cnn,FashionMNIST,5,42,relu3,2.547573822726375,0.1049352776956558,0.2596952013850212,0.96256,0.9149,0.0476599999999999,cnn_FashionMNIST_seed5_entropy_history.csv
16,cnn,FashionMNIST,5,42,relu1,2.8247674882619256,0.0976454477643966,0.280839287507534,0.96452,0.9111,0.05342,cnn_FashionMNIST_seed5_entropy_history.csv
16,cnn,FashionMNIST,5,42,relu2,1.5514591290859054,0.0976454477643966,0.280839287507534,0.96452,0.9111,0.05342,cnn_FashionMNIST_seed5_entropy_history.csv
16,cnn,FashionMNIST,5,42,relu3,2.546021489556294,0.0976454477643966,0.280839287507534,0.96452,0.9111,0.05342,cnn_FashionMNIST_seed5_entropy_history.csv
17,cnn,FashionMNIST,5,42,relu1,2.756494774618349,0.0884276976263523,0.263857919216156,0.96796,0.9172,0.05076,cnn_FashionMNIST_seed5_entropy_history.csv
17,cnn,FashionMNIST,5,42,relu2,1.5966431634192095,0.0884276976263523,0.263857919216156,0.96796,0.9172,0.05076,cnn_FashionMNIST_seed5_entropy_history.csv
17,cnn,FashionMNIST,5,42,relu3,2.4851262633238016,0.0884276976263523,0.263857919216156,0.96796,0.9172,0.05076,cnn_FashionMNIST_seed5_entropy_history.csv
18,cnn,FashionMNIST,5,42,relu1,2.834028533035347,0.0780682481360435,0.2894219689130783,0.9723,0.9116,0.0607,cnn_FashionMNIST_seed5_entropy_history.csv
18,cnn,FashionMNIST,5,42,relu2,1.5900450631100993,0.0780682481360435,0.2894219689130783,0.9723,0.9116,0.0607,cnn_FashionMNIST_seed5_entropy_history.csv
18,cnn,FashionMNIST,5,42,relu3,2.554077717093436,0.0780682481360435,0.2894219689130783,0.9723,0.9116,0.0607,cnn_FashionMNIST_seed5_entropy_history.csv
19,cnn,FashionMNIST,5,42,relu1,2.840254298916112,0.0694923852217197,0.2985960540533066,0.97526,0.9139,0.0613599999999999,cnn_FashionMNIST_seed5_entropy_history.csv
19,cnn,FashionMNIST,5,42,relu2,1.6703016337583956,0.0694923852217197,0.2985960540533066,0.97526,0.9139,0.0613599999999999,cnn_FashionMNIST_seed5_entropy_history.csv
19,cnn,FashionMNIST,5,42,relu3,2.591285944790731,0.0694923852217197,0.2985960540533066,0.97526,0.9139,0.0613599999999999,cnn_FashionMNIST_seed5_entropy_history.csv
20,cnn,FashionMNIST,5,42,relu1,2.833590554107763,0.0625805574941635,0.3045260510206222,0.97774,0.9133,0.06444,cnn_FashionMNIST_seed5_entropy_history.csv
20,cnn,FashionMNIST,5,42,relu2,1.5418497347618416,0.0625805574941635,0.3045260510206222,0.97774,0.9133,0.06444,cnn_FashionMNIST_seed5_entropy_history.csv
20,cnn,FashionMNIST,5,42,relu3,2.5744850069083336,0.0625805574941635,0.3045260510206222,0.97774,0.9133,0.06444,cnn_FashionMNIST_seed5_entropy_history.csv
21,cnn,FashionMNIST,5,42,relu1,2.8595945646533525,0.0576759243655204,0.3060041358470917,0.97926,0.9139,0.0653599999999999,cnn_FashionMNIST_seed5_entropy_history.csv
21,cnn,FashionMNIST,5,42,relu2,1.5669632756189016,0.0576759243655204,0.3060041358470917,0.97926,0.9139,0.0653599999999999,cnn_FashionMNIST_seed5_entropy_history.csv
21,cnn,FashionMNIST,5,42,relu3,2.563927369600395,0.0576759243655204,0.3060041358470917,0.97926,0.9139,0.0653599999999999,cnn_FashionMNIST_seed5_entropy_history.csv
22,cnn,FashionMNIST,5,42,relu1,2.8580917734092544,0.0480254628682136,0.3238423779249191,0.9828,0.9148,0.068,cnn_FashionMNIST_seed5_entropy_history.csv
22,cnn,FashionMNIST,5,42,relu2,1.5755760519777644,0.0480254628682136,0.3238423779249191,0.9828,0.9148,0.068,cnn_FashionMNIST_seed5_entropy_history.csv
22,cnn,FashionMNIST,5,42,relu3,2.568609035305827,0.0480254628682136,0.3238423779249191,0.9828,0.9148,0.068,cnn_FashionMNIST_seed5_entropy_history.csv
23,cnn,FashionMNIST,5,42,relu1,2.8640163044942315,0.0454912990963459,0.3404368358850479,0.98338,0.9146,0.06878,cnn_FashionMNIST_seed5_entropy_history.csv
23,cnn,FashionMNIST,5,42,relu2,1.549450760229912,0.0454912990963459,0.3404368358850479,0.98338,0.9146,0.06878,cnn_FashionMNIST_seed5_entropy_history.csv
23,cnn,FashionMNIST,5,42,relu3,2.571869038771706,0.0454912990963459,0.3404368358850479,0.98338,0.9146,0.06878,cnn_FashionMNIST_seed5_entropy_history.csv
24,cnn,FashionMNIST,5,42,relu1,2.8722473342680197,0.0409435078442096,0.3831210291743278,0.98552,0.9083,0.0772199999999999,cnn_FashionMNIST_seed5_entropy_history.csv
24,cnn,FashionMNIST,5,42,relu2,1.5384877465527702,0.0409435078442096,0.3831210291743278,0.98552,0.9083,0.0772199999999999,cnn_FashionMNIST_seed5_entropy_history.csv
24,cnn,FashionMNIST,5,42,relu3,2.573907228287704,0.0409435078442096,0.3831210291743278,0.98552,0.9083,0.0772199999999999,cnn_FashionMNIST_seed5_entropy_history.csv
25,cnn,FashionMNIST,5,42,relu1,2.8495796238090896,0.0414422087725996,0.3570415157079696,0.9851,0.9138,0.0713,cnn_FashionMNIST_seed5_entropy_history.csv
25,cnn,FashionMNIST,5,42,relu2,1.4983993996867204,0.0414422087725996,0.3570415157079696,0.9851,0.9138,0.0713,cnn_FashionMNIST_seed5_entropy_history.csv
25,cnn,FashionMNIST,5,42,relu3,2.513425822490352,0.0414422087725996,0.3570415157079696,0.9851,0.9138,0.0713,cnn_FashionMNIST_seed5_entropy_history.csv
26,cnn,FashionMNIST,5,42,relu1,2.8836311171109346,0.0320655504912138,0.4059486748695373,0.98886,0.9095,0.0793599999999999,cnn_FashionMNIST_seed5_entropy_history.csv
26,cnn,FashionMNIST,5,42,relu2,1.5124013283553814,0.0320655504912138,0.4059486748695373,0.98886,0.9095,0.0793599999999999,cnn_FashionMNIST_seed5_entropy_history.csv
26,cnn,FashionMNIST,5,42,relu3,2.5890424943658337,0.0320655504912138,0.4059486748695373,0.98886,0.9095,0.0793599999999999,cnn_FashionMNIST_seed5_entropy_history.csv
27,cnn,FashionMNIST,5,42,relu1,2.853392081724565,0.0312614205908775,0.3890409246683121,0.98948,0.9135,0.07598,cnn_FashionMNIST_seed5_entropy_history.csv
27,cnn,FashionMNIST,5,42,relu2,1.447501954631269,0.0312614205908775,0.3890409246683121,0.98948,0.9135,0.07598,cnn_FashionMNIST_seed5_entropy_history.csv
27,cnn,FashionMNIST,5,42,relu3,2.4992981781245343,0.0312614205908775,0.3890409246683121,0.98948,0.9135,0.07598,cnn_FashionMNIST_seed5_entropy_history.csv
28,cnn,FashionMNIST,5,42,relu1,2.853703248379961,0.0269698295724391,0.40316110932827,0.99076,0.9136,0.07716,cnn_FashionMNIST_seed5_entropy_history.csv
28,cnn,FashionMNIST,5,42,relu2,1.541821530042501,0.0269698295724391,0.40316110932827,0.99076,0.9136,0.07716,cnn_FashionMNIST_seed5_entropy_history.csv
28,cnn,FashionMNIST,5,42,relu3,2.5523834592212093,0.0269698295724391,0.40316110932827,0.99076,0.9136,0.07716,cnn_FashionMNIST_seed5_entropy_history.csv
29,cnn,FashionMNIST,5,42,relu1,2.848556057105049,0.0260535617655515,0.4188690730094909,0.99074,0.9089,0.0818399999999999,cnn_FashionMNIST_seed5_entropy_history.csv
29,cnn,FashionMNIST,5,42,relu2,1.450885440295246,0.0260535617655515,0.4188690730094909,0.99074,0.9089,0.0818399999999999,cnn_FashionMNIST_seed5_entropy_history.csv
29,cnn,FashionMNIST,5,42,relu3,2.5023011005850724,0.0260535617655515,0.4188690730094909,0.99074,0.9089,0.0818399999999999,cnn_FashionMNIST_seed5_entropy_history.csv
30,cnn,FashionMNIST,5,42,relu1,2.874178940268241,0.0241354608605802,0.430941487801075,0.99176,0.9144,0.0773599999999999,cnn_FashionMNIST_seed5_entropy_history.csv
30,cnn,FashionMNIST,5,42,relu2,1.51535513421192,0.0241354608605802,0.430941487801075,0.99176,0.9144,0.0773599999999999,cnn_FashionMNIST_seed5_entropy_history.csv
30,cnn,FashionMNIST,5,42,relu3,2.5444003928723373,0.0241354608605802,0.430941487801075,0.99176,0.9144,0.0773599999999999,cnn_FashionMNIST_seed5_entropy_history.csv
1,mlp,FashionMNIST,1,42,relu1,2.7846389611253173,0.5447508033943176,0.4216685128688812,0.80616,0.8475,-0.04134,mlp_FashionMNIST_seed1_entropy_history.csv
1,mlp,FashionMNIST,1,42,relu2,2.971193552193442,0.5447508033943176,0.4216685128688812,0.80616,0.8475,-0.04134,mlp_FashionMNIST_seed1_entropy_history.csv
2,mlp,FashionMNIST,1,42,relu1,2.49454611567766,0.3854179893302917,0.3621469133853912,0.86002,0.8631,-0.0030799999999999,mlp_FashionMNIST_seed1_entropy_history.csv
2,mlp,FashionMNIST,1,42,relu2,2.8330915860507644,0.3854179893302917,0.3621469133853912,0.86002,0.8631,-0.0030799999999999,mlp_FashionMNIST_seed1_entropy_history.csv
3,mlp,FashionMNIST,1,42,relu1,2.3824905335231,0.3432750247478485,0.3511745146989822,0.8743,0.871,0.0032999999999999,mlp_FashionMNIST_seed1_entropy_history.csv
3,mlp,FashionMNIST,1,42,relu2,2.732266746660301,0.3432750247478485,0.3511745146989822,0.8743,0.871,0.0032999999999999,mlp_FashionMNIST_seed1_entropy_history.csv
4,mlp,FashionMNIST,1,42,relu1,2.1738222903241584,0.3220932770729064,0.3391755434036255,0.8823,0.8726,0.0096999999999999,mlp_FashionMNIST_seed1_entropy_history.csv
4,mlp,FashionMNIST,1,42,relu2,2.604975501431672,0.3220932770729064,0.3391755434036255,0.8823,0.8726,0.0096999999999999,mlp_FashionMNIST_seed1_entropy_history.csv
5,mlp,FashionMNIST,1,42,relu1,2.156470071330518,0.2989227840614319,0.3095317077875137,0.88922,0.8805,0.00872,mlp_FashionMNIST_seed1_entropy_history.csv
5,mlp,FashionMNIST,1,42,relu2,2.55629319484784,0.2989227840614319,0.3095317077875137,0.88922,0.8805,0.00872,mlp_FashionMNIST_seed1_entropy_history.csv
6,mlp,FashionMNIST,1,42,relu1,2.0961758776167354,0.2813117883348465,0.3237019463300705,0.896,0.8814,0.0146,mlp_FashionMNIST_seed1_entropy_history.csv
6,mlp,FashionMNIST,1,42,relu2,2.5650494153919747,0.2813117883348465,0.3237019463300705,0.896,0.8814,0.0146,mlp_FashionMNIST_seed1_entropy_history.csv
7,mlp,FashionMNIST,1,42,relu1,2.046822712670327,0.2668103795957565,0.3160519803762436,0.90164,0.8844,0.01724,mlp_FashionMNIST_seed1_entropy_history.csv
7,mlp,FashionMNIST,1,42,relu2,2.563766410690844,0.2668103795957565,0.3160519803762436,0.90164,0.8844,0.01724,mlp_FashionMNIST_seed1_entropy_history.csv
8,mlp,FashionMNIST,1,42,relu1,1.9579224772139132,0.2532548542976379,0.3152569175720215,0.9064,0.8819,0.0244999999999999,mlp_FashionMNIST_seed1_entropy_history.csv
8,mlp,FashionMNIST,1,42,relu2,2.515286009413939,0.2532548542976379,0.3152569175720215,0.9064,0.8819,0.0244999999999999,mlp_FashionMNIST_seed1_entropy_history.csv
9,mlp,FashionMNIST,1,42,relu1,1.9307049391613091,0.2449219797515869,0.3438947005152702,0.90884,0.8753,0.03354,mlp_FashionMNIST_seed1_entropy_history.csv
9,mlp,FashionMNIST,1,42,relu2,2.50084753044904,0.2449219797515869,0.3438947005152702,0.90884,0.8753,0.03354,mlp_FashionMNIST_seed1_entropy_history.csv
10,mlp,FashionMNIST,1,42,relu1,1.9124580126188968,0.2357237086486816,0.3175684146404266,0.91236,0.8869,0.0254599999999999,mlp_FashionMNIST_seed1_entropy_history.csv
10,mlp,FashionMNIST,1,42,relu2,2.5498436248022456,0.2357237086486816,0.3175684146404266,0.91236,0.8869,0.0254599999999999,mlp_FashionMNIST_seed1_entropy_history.csv
11,mlp,FashionMNIST,1,42,relu1,1.8723627273986267,0.2213435216760635,0.3248865095853805,0.91738,0.8827,0.0346799999999999,mlp_FashionMNIST_seed1_entropy_history.csv
11,mlp,FashionMNIST,1,42,relu2,2.5193488831024813,0.2213435216760635,0.3248865095853805,0.91738,0.8827,0.0346799999999999,mlp_FashionMNIST_seed1_entropy_history.csv
12,mlp,FashionMNIST,1,42,relu1,1.81188129615192,0.2118989295554161,0.3035125338554382,0.92,0.8899,0.0301,mlp_FashionMNIST_seed1_entropy_history.csv
12,mlp,FashionMNIST,1,42,relu2,2.4247469348809174,0.2118989295554161,0.3035125338554382,0.92,0.8899,0.0301,mlp_FashionMNIST_seed1_entropy_history.csv
13,mlp,FashionMNIST,1,42,relu1,1.7996751212422604,0.2035737343788147,0.3191087800502777,0.92382,0.8882,0.0356199999999999,mlp_FashionMNIST_seed1_entropy_history.csv
13,mlp,FashionMNIST,1,42,relu2,2.4647624063515043,0.2035737343788147,0.3191087800502777,0.92382,0.8882,0.0356199999999999,mlp_FashionMNIST_seed1_entropy_history.csv
14,mlp,FashionMNIST,1,42,relu1,1.8300810584060696,0.1923564788150787,0.3245854899406433,0.92776,0.8877,0.0400599999999999,mlp_FashionMNIST_seed1_entropy_history.csv
14,mlp,FashionMNIST,1,42,relu2,2.4900529523378307,0.1923564788150787,0.3245854899406433,0.92776,0.8877,0.0400599999999999,mlp_FashionMNIST_seed1_entropy_history.csv
15,mlp,FashionMNIST,1,42,relu1,1.803008338407717,0.1842942658090591,0.3240932022333145,0.92974,0.8874,0.04234,mlp_FashionMNIST_seed1_entropy_history.csv
15,mlp,FashionMNIST,1,42,relu2,2.4918490948327223,0.1842942658090591,0.3240932022333145,0.92974,0.8874,0.04234,mlp_FashionMNIST_seed1_entropy_history.csv
16,mlp,FashionMNIST,1,42,relu1,1.723944908291971,0.1768470171165466,0.3132069672107696,0.93438,0.8946,0.03978,mlp_FashionMNIST_seed1_entropy_history.csv
16,mlp,FashionMNIST,1,42,relu2,2.454443991096625,0.1768470171165466,0.3132069672107696,0.93438,0.8946,0.03978,mlp_FashionMNIST_seed1_entropy_history.csv
17,mlp,FashionMNIST,1,42,relu1,1.723100827616204,0.166714106221199,0.3476909800171852,0.93804,0.8859,0.0521399999999999,mlp_FashionMNIST_seed1_entropy_history.csv
17,mlp,FashionMNIST,1,42,relu2,2.4318720413013426,0.166714106221199,0.3476909800171852,0.93804,0.8859,0.0521399999999999,mlp_FashionMNIST_seed1_entropy_history.csv
18,mlp,FashionMNIST,1,42,relu1,1.7530431751530735,0.1616464581060409,0.3561365269422531,0.93964,0.8907,0.0489399999999999,mlp_FashionMNIST_seed1_entropy_history.csv
18,mlp,FashionMNIST,1,42,relu2,2.4884375365790325,0.1616464581060409,0.3561365269422531,0.93964,0.8907,0.0489399999999999,mlp_FashionMNIST_seed1_entropy_history.csv
19,mlp,FashionMNIST,1,42,relu1,1.7344035212382842,0.1544314011669159,0.3308411009311676,0.94136,0.8941,0.0472599999999999,mlp_FashionMNIST_seed1_entropy_history.csv
19,mlp,FashionMNIST,1,42,relu2,2.407594947594032,0.1544314011669159,0.3308411009311676,0.94136,0.8941,0.0472599999999999,mlp_FashionMNIST_seed1_entropy_history.csv
20,mlp,FashionMNIST,1,42,relu1,1.6823614564485874,0.1479058635640144,0.3598896815061569,0.9433,0.8868,0.0564999999999999,mlp_FashionMNIST_seed1_entropy_history.csv
20,mlp,FashionMNIST,1,42,relu2,2.398160215312787,0.1479058635640144,0.3598896815061569,0.9433,0.8868,0.0564999999999999,mlp_FashionMNIST_seed1_entropy_history.csv
21,mlp,FashionMNIST,1,42,relu1,1.7277336347485692,0.1415086507081985,0.3640869295358658,0.94632,0.892,0.05432,mlp_FashionMNIST_seed1_entropy_history.csv
21,mlp,FashionMNIST,1,42,relu2,2.46855087688152,0.1415086507081985,0.3640869295358658,0.94632,0.892,0.05432,mlp_FashionMNIST_seed1_entropy_history.csv
22,mlp,FashionMNIST,1,42,relu1,1.7380447899136842,0.1340628106331825,0.3695463272809982,0.94942,0.8884,0.06102,mlp_FashionMNIST_seed1_entropy_history.csv
22,mlp,FashionMNIST,1,42,relu2,2.445523586057188,0.1340628106331825,0.3695463272809982,0.94942,0.8884,0.06102,mlp_FashionMNIST_seed1_entropy_history.csv
23,mlp,FashionMNIST,1,42,relu1,1.6935401371040748,0.1260448520040512,0.3883706845760345,0.95136,0.8867,0.0646599999999999,mlp_FashionMNIST_seed1_entropy_history.csv
23,mlp,FashionMNIST,1,42,relu2,2.401096054039915,0.1260448520040512,0.3883706845760345,0.95136,0.8867,0.0646599999999999,mlp_FashionMNIST_seed1_entropy_history.csv
24,mlp,FashionMNIST,1,42,relu1,1.6515827180313634,0.1260692023944854,0.3733900243997574,0.9526,0.8884,0.0642,mlp_FashionMNIST_seed1_entropy_history.csv
24,mlp,FashionMNIST,1,42,relu2,2.4171066321225387,0.1260692023944854,0.3733900243997574,0.9526,0.8884,0.0642,mlp_FashionMNIST_seed1_entropy_history.csv
25,mlp,FashionMNIST,1,42,relu1,1.679211413406517,0.1187800558567047,0.3794933687448502,0.95518,0.8938,0.0613799999999999,mlp_FashionMNIST_seed1_entropy_history.csv
25,mlp,FashionMNIST,1,42,relu2,2.4194662717762894,0.1187800558567047,0.3794933687448502,0.95518,0.8938,0.0613799999999999,mlp_FashionMNIST_seed1_entropy_history.csv
26,mlp,FashionMNIST,1,42,relu1,1.6432704010342871,0.1126211051797866,0.3829991421937943,0.95818,0.8951,0.06308,mlp_FashionMNIST_seed1_entropy_history.csv
26,mlp,FashionMNIST,1,42,relu2,2.4120824388990862,0.1126211051797866,0.3829991421937943,0.95818,0.8951,0.06308,mlp_FashionMNIST_seed1_entropy_history.csv
27,mlp,FashionMNIST,1,42,relu1,1.6636440091864906,0.1093396485114097,0.4114995143294334,0.95814,0.8889,0.0692399999999999,mlp_FashionMNIST_seed1_entropy_history.csv
27,mlp,FashionMNIST,1,42,relu2,2.442506550445927,0.1093396485114097,0.4114995143294334,0.95814,0.8889,0.0692399999999999,mlp_FashionMNIST_seed1_entropy_history.csv
28,mlp,FashionMNIST,1,42,relu1,1.6895938685593248,0.1033756967544555,0.4036618059396744,0.96134,0.8921,0.0692399999999999,mlp_FashionMNIST_seed1_entropy_history.csv
28,mlp,FashionMNIST,1,42,relu2,2.4088904997525424,0.1033756967544555,0.4036618059396744,0.96134,0.8921,0.0692399999999999,mlp_FashionMNIST_seed1_entropy_history.csv
29,mlp,FashionMNIST,1,42,relu1,1.6950877612038666,0.0992787684559822,0.4355442970752716,0.96214,0.8891,0.07304,mlp_FashionMNIST_seed1_entropy_history.csv
29,mlp,FashionMNIST,1,42,relu2,2.4551700848559985,0.0992787684559822,0.4355442970752716,0.96214,0.8891,0.07304,mlp_FashionMNIST_seed1_entropy_history.csv
30,mlp,FashionMNIST,1,42,relu1,1.684165853401029,0.0924955668401718,0.448415755701065,0.96526,0.8904,0.07486,mlp_FashionMNIST_seed1_entropy_history.csv
30,mlp,FashionMNIST,1,42,relu2,2.470675828680809,0.0924955668401718,0.448415755701065,0.96526,0.8904,0.07486,mlp_FashionMNIST_seed1_entropy_history.csv
1,mlp,FashionMNIST,2,42,relu1,2.72860263205362,0.5344419760990143,0.4308437222480774,0.80768,0.8429,-0.03522,mlp_FashionMNIST_seed2_entropy_history.csv
1,mlp,FashionMNIST,2,42,relu2,3.04117259097904,0.5344419760990143,0.4308437222480774,0.80768,0.8429,-0.03522,mlp_FashionMNIST_seed2_entropy_history.csv
2,mlp,FashionMNIST,2,42,relu1,2.471247704743945,0.3847921603965759,0.3737272022485733,0.861,0.8629,-0.0019,mlp_FashionMNIST_seed2_entropy_history.csv
2,mlp,FashionMNIST,2,42,relu2,2.8709365732284837,0.3847921603965759,0.3737272022485733,0.861,0.8629,-0.0019,mlp_FashionMNIST_seed2_entropy_history.csv
3,mlp,FashionMNIST,2,42,relu1,2.2904169954484925,0.3438522629833221,0.3450859786272049,0.87362,0.8732,0.0004199999999999,mlp_FashionMNIST_seed2_entropy_history.csv
3,mlp,FashionMNIST,2,42,relu2,2.77146455569688,0.3438522629833221,0.3450859786272049,0.87362,0.8732,0.0004199999999999,mlp_FashionMNIST_seed2_entropy_history.csv
4,mlp,FashionMNIST,2,42,relu1,2.2226094118450783,0.3206980806684494,0.3221928639650345,0.88116,0.88,0.00116,mlp_FashionMNIST_seed2_entropy_history.csv
4,mlp,FashionMNIST,2,42,relu2,2.758301672780565,0.3206980806684494,0.3221928639650345,0.88116,0.88,0.00116,mlp_FashionMNIST_seed2_entropy_history.csv
5,mlp,FashionMNIST,2,42,relu1,2.149961276156427,0.2972348241329193,0.3199756343245506,0.8903,0.8829,0.0073999999999999,mlp_FashionMNIST_seed2_entropy_history.csv
5,mlp,FashionMNIST,2,42,relu2,2.718786006356931,0.2972348241329193,0.3199756343245506,0.8903,0.8829,0.0073999999999999,mlp_FashionMNIST_seed2_entropy_history.csv
6,mlp,FashionMNIST,2,42,relu1,2.0678294993566912,0.2817672147941589,0.3159499029874801,0.8967,0.8812,0.0155,mlp_FashionMNIST_seed2_entropy_history.csv
6,mlp,FashionMNIST,2,42,relu2,2.672238672903616,0.2817672147941589,0.3159499029874801,0.8967,0.8812,0.0155,mlp_FashionMNIST_seed2_entropy_history.csv
7,mlp,FashionMNIST,2,42,relu1,2.0150878750666776,0.2650594754314422,0.3132266148328781,0.90212,0.8839,0.01822,mlp_FashionMNIST_seed2_entropy_history.csv
7,mlp,FashionMNIST,2,42,relu2,2.669012548409667,0.2650594754314422,0.3132266148328781,0.90212,0.8839,0.01822,mlp_FashionMNIST_seed2_entropy_history.csv
8,mlp,FashionMNIST,2,42,relu1,1.895142192218466,0.2542974765348434,0.3167222614049911,0.90618,0.8846,0.0215799999999999,mlp_FashionMNIST_seed2_entropy_history.csv
8,mlp,FashionMNIST,2,42,relu2,2.5802435462931306,0.2542974765348434,0.3167222614049911,0.90618,0.8846,0.0215799999999999,mlp_FashionMNIST_seed2_entropy_history.csv
9,mlp,FashionMNIST,2,42,relu1,1.938214711474546,0.2398007846927642,0.3151401931405067,0.90992,0.8867,0.0232199999999999,mlp_FashionMNIST_seed2_entropy_history.csv
9,mlp,FashionMNIST,2,42,relu2,2.627239053962265,0.2398007846927642,0.3151401931405067,0.90992,0.8867,0.0232199999999999,mlp_FashionMNIST_seed2_entropy_history.csv
10,mlp,FashionMNIST,2,42,relu1,1.9048515169060345,0.2266323523807525,0.3108294397830963,0.91538,0.8867,0.0286799999999999,mlp_FashionMNIST_seed2_entropy_history.csv
10,mlp,FashionMNIST,2,42,relu2,2.544919229537347,0.2266323523807525,0.3108294397830963,0.91538,0.8867,0.0286799999999999,mlp_FashionMNIST_seed2_entropy_history.csv
11,mlp,FashionMNIST,2,42,relu1,1.881728629094894,0.2171945463085174,0.3159495877027511,0.91894,0.8867,0.0322399999999999,mlp_FashionMNIST_seed2_entropy_history.csv
11,mlp,FashionMNIST,2,42,relu2,2.5959039822692134,0.2171945463085174,0.3159495877027511,0.91894,0.8867,0.0322399999999999,mlp_FashionMNIST_seed2_entropy_history.csv
12,mlp,FashionMNIST,2,42,relu1,1.8381819471109584,0.2071258507061004,0.3092140919446945,0.92284,0.8904,0.03244,mlp_FashionMNIST_seed2_entropy_history.csv
12,mlp,FashionMNIST,2,42,relu2,2.549343036579435,0.2071258507061004,0.3092140919446945,0.92284,0.8904,0.03244,mlp_FashionMNIST_seed2_entropy_history.csv
13,mlp,FashionMNIST,2,42,relu1,1.7793515068582844,0.1982736174678802,0.3004146466255188,0.92612,0.8964,0.02972,mlp_FashionMNIST_seed2_entropy_history.csv
13,mlp,FashionMNIST,2,42,relu2,2.482767825308756,0.1982736174678802,0.3004146466255188,0.92612,0.8964,0.02972,mlp_FashionMNIST_seed2_entropy_history.csv
14,mlp,FashionMNIST,2,42,relu1,1.7654838087441345,0.1892081952047348,0.3203315052986145,0.92982,0.8899,0.0399199999999999,mlp_FashionMNIST_seed2_entropy_history.csv
14,mlp,FashionMNIST,2,42,relu2,2.608959672898905,0.1892081952047348,0.3203315052986145,0.92982,0.8899,0.0399199999999999,mlp_FashionMNIST_seed2_entropy_history.csv
15,mlp,FashionMNIST,2,42,relu1,1.7457817901465056,0.1812606524372101,0.3015371679544449,0.93158,0.8962,0.0353799999999999,mlp_FashionMNIST_seed2_entropy_history.csv
15,mlp,FashionMNIST,2,42,relu2,2.572927399970696,0.1812606524372101,0.3015371679544449,0.93158,0.8962,0.0353799999999999,mlp_FashionMNIST_seed2_entropy_history.csv
16,mlp,FashionMNIST,2,42,relu1,1.7276213510403082,0.171445672135353,0.3167399328947067,0.9357,0.892,0.0436999999999999,mlp_FashionMNIST_seed2_entropy_history.csv
16,mlp,FashionMNIST,2,42,relu2,2.5461526673692494,0.171445672135353,0.3167399328947067,0.9357,0.892,0.0436999999999999,mlp_FashionMNIST_seed2_entropy_history.csv
17,mlp,FashionMNIST,2,42,relu1,1.679768212569121,0.1640364013195037,0.3105342896461487,0.93958,0.8947,0.0448799999999999,mlp_FashionMNIST_seed2_entropy_history.csv
17,mlp,FashionMNIST,2,42,relu2,2.4710551254538324,0.1640364013195037,0.3105342896461487,0.93958,0.8947,0.0448799999999999,mlp_FashionMNIST_seed2_entropy_history.csv
18,mlp,FashionMNIST,2,42,relu1,1.7393346358260178,0.156791819243431,0.3147893940210342,0.94124,0.8989,0.0423399999999999,mlp_FashionMNIST_seed2_entropy_history.csv
18,mlp,FashionMNIST,2,42,relu2,2.468944326987817,0.156791819243431,0.3147893940210342,0.94124,0.8989,0.0423399999999999,mlp_FashionMNIST_seed2_entropy_history.csv
19,mlp,FashionMNIST,2,42,relu1,1.684897957270954,0.1518676289772987,0.3484241908431053,0.9419,0.8872,0.0546999999999999,mlp_FashionMNIST_seed2_entropy_history.csv
19,mlp,FashionMNIST,2,42,relu2,2.4980260179679563,0.1518676289772987,0.3484241908431053,0.9419,0.8872,0.0546999999999999,mlp_FashionMNIST_seed2_entropy_history.csv
20,mlp,FashionMNIST,2,42,relu1,1.6866239488377697,0.1442351906585693,0.3645761558055878,0.94546,0.8843,0.0611599999999999,mlp_FashionMNIST_seed2_entropy_history.csv
20,mlp,FashionMNIST,2,42,relu2,2.476763986114938,0.1442351906585693,0.3645761558055878,0.94546,0.8843,0.0611599999999999,mlp_FashionMNIST_seed2_entropy_history.csv
21,mlp,FashionMNIST,2,42,relu1,1.691114598277991,0.1357020319938659,0.3536534056186676,0.94886,0.8967,0.0521599999999999,mlp_FashionMNIST_seed2_entropy_history.csv
21,mlp,FashionMNIST,2,42,relu2,2.52955339541798,0.1357020319938659,0.3536534056186676,0.94886,0.8967,0.0521599999999999,mlp_FashionMNIST_seed2_entropy_history.csv
22,mlp,FashionMNIST,2,42,relu1,1.635951841213654,0.1323238571262359,0.37040580868721,0.95012,0.8902,0.0599199999999999,mlp_FashionMNIST_seed2_entropy_history.csv
22,mlp,FashionMNIST,2,42,relu2,2.452090088428627,0.1323238571262359,0.37040580868721,0.95012,0.8902,0.0599199999999999,mlp_FashionMNIST_seed2_entropy_history.csv
23,mlp,FashionMNIST,2,42,relu1,1.63754462528639,0.1232424370098114,0.3571438399076462,0.95368,0.8925,0.06118,mlp_FashionMNIST_seed2_entropy_history.csv
23,mlp,FashionMNIST,2,42,relu2,2.533386658104131,0.1232424370098114,0.3571438399076462,0.95368,0.8925,0.06118,mlp_FashionMNIST_seed2_entropy_history.csv
24,mlp,FashionMNIST,2,42,relu1,1.6519869680160744,0.1201514535284042,0.3649173001289367,0.9551,0.8994,0.0556999999999999,mlp_FashionMNIST_seed2_entropy_history.csv
24,mlp,FashionMNIST,2,42,relu2,2.519804500278528,0.1201514535284042,0.3649173001289367,0.9551,0.8994,0.0556999999999999,mlp_FashionMNIST_seed2_entropy_history.csv
25,mlp,FashionMNIST,2,42,relu1,1.6859614318761178,0.1143661009335517,0.3787194717168808,0.95708,0.8981,0.05898,mlp_FashionMNIST_seed2_entropy_history.csv
25,mlp,FashionMNIST,2,42,relu2,2.5550211784964363,0.1143661009335517,0.3787194717168808,0.95708,0.8981,0.05898,mlp_FashionMNIST_seed2_entropy_history.csv
26,mlp,FashionMNIST,2,42,relu1,1.6558999659555556,0.1115972099637985,0.4041891220092773,0.95736,0.8893,0.06806,mlp_FashionMNIST_seed2_entropy_history.csv
26,mlp,FashionMNIST,2,42,relu2,2.4296986110584187,0.1115972099637985,0.4041891220092773,0.95736,0.8893,0.06806,mlp_FashionMNIST_seed2_entropy_history.csv
27,mlp,FashionMNIST,2,42,relu1,1.6122310242099842,0.104498851211071,0.4040645859718322,0.96132,0.8947,0.0666199999999999,mlp_FashionMNIST_seed2_entropy_history.csv
27,mlp,FashionMNIST,2,42,relu2,2.459611557358208,0.104498851211071,0.4040645859718322,0.96132,0.8947,0.0666199999999999,mlp_FashionMNIST_seed2_entropy_history.csv
28,mlp,FashionMNIST,2,42,relu1,1.629608594809765,0.1001257468891143,0.392580755841732,0.9625,0.894,0.0685,mlp_FashionMNIST_seed2_entropy_history.csv
28,mlp,FashionMNIST,2,42,relu2,2.4220619559998537,0.1001257468891143,0.392580755841732,0.9625,0.894,0.0685,mlp_FashionMNIST_seed2_entropy_history.csv
29,mlp,FashionMNIST,2,42,relu1,1.6355078215873298,0.0943194277524948,0.4165866621732711,0.96456,0.8933,0.0712599999999999,mlp_FashionMNIST_seed2_entropy_history.csv
29,mlp,FashionMNIST,2,42,relu2,2.489813300836451,0.0943194277524948,0.4165866621732711,0.96456,0.8933,0.0712599999999999,mlp_FashionMNIST_seed2_entropy_history.csv
30,mlp,FashionMNIST,2,42,relu1,1.6108165391332123,0.0919492992866039,0.4432432943820953,0.9656,0.8887,0.0768999999999999,mlp_FashionMNIST_seed2_entropy_history.csv
30,mlp,FashionMNIST,2,42,relu2,2.4285808407995577,0.0919492992866039,0.4432432943820953,0.9656,0.8887,0.0768999999999999,mlp_FashionMNIST_seed2_entropy_history.csv
1,mlp,FashionMNIST,3,42,relu1,2.7439100347472976,0.5454959053897858,0.4112071596622467,0.8032,0.8506,-0.0474,mlp_FashionMNIST_seed3_entropy_history.csv
1,mlp,FashionMNIST,3,42,relu2,2.837753310451908,0.5454959053897858,0.4112071596622467,0.8032,0.8506,-0.0474,mlp_FashionMNIST_seed3_entropy_history.csv
2,mlp,FashionMNIST,3,42,relu1,2.552918339047938,0.388476496143341,0.391943879365921,0.85872,0.8526,0.00612,mlp_FashionMNIST_seed3_entropy_history.csv
2,mlp,FashionMNIST,3,42,relu2,2.8195285342735605,0.388476496143341,0.391943879365921,0.85872,0.8526,0.00612,mlp_FashionMNIST_seed3_entropy_history.csv
3,mlp,FashionMNIST,3,42,relu1,2.4459276741217293,0.3463378202915191,0.3588974669933319,0.8725,0.863,0.0095,mlp_FashionMNIST_seed3_entropy_history.csv
3,mlp,FashionMNIST,3,42,relu2,2.7178926941843127,0.3463378202915191,0.3588974669933319,0.8725,0.863,0.0095,mlp_FashionMNIST_seed3_entropy_history.csv
4,mlp,FashionMNIST,3,42,relu1,2.283561465080283,0.3207338984584808,0.339906304359436,0.88024,0.8721,0.00814,mlp_FashionMNIST_seed3_entropy_history.csv
4,mlp,FashionMNIST,3,42,relu2,2.667305440147697,0.3207338984584808,0.339906304359436,0.88024,0.8721,0.00814,mlp_FashionMNIST_seed3_entropy_history.csv
5,mlp,FashionMNIST,3,42,relu1,2.1742617450426307,0.2974054247093201,0.325279377746582,0.89044,0.8799,0.0105399999999999,mlp_FashionMNIST_seed3_entropy_history.csv
5,mlp,FashionMNIST,3,42,relu2,2.625903989431727,0.2974054247093201,0.325279377746582,0.89044,0.8799,0.0105399999999999,mlp_FashionMNIST_seed3_entropy_history.csv
6,mlp,FashionMNIST,3,42,relu1,2.1226803702385824,0.2818712925386429,0.3207442736625671,0.89522,0.8809,0.01432,mlp_FashionMNIST_seed3_entropy_history.csv
6,mlp,FashionMNIST,3,42,relu2,2.657557369021895,0.2818712925386429,0.3207442736625671,0.89522,0.8809,0.01432,mlp_FashionMNIST_seed3_entropy_history.csv
7,mlp,FashionMNIST,3,42,relu1,2.035344048761149,0.2677960593700409,0.339607363653183,0.89906,0.8743,0.02476,mlp_FashionMNIST_seed3_entropy_history.csv
7,mlp,FashionMNIST,3,42,relu2,2.534991909481923,0.2677960593700409,0.339607363653183,0.89906,0.8743,0.02476,mlp_FashionMNIST_seed3_entropy_history.csv
8,mlp,FashionMNIST,3,42,relu1,2.0168568128088484,0.256239895734787,0.3089698303461075,0.904,0.8847,0.0192999999999999,mlp_FashionMNIST_seed3_entropy_history.csv
8,mlp,FashionMNIST,3,42,relu2,2.5437760267547453,0.256239895734787,0.3089698303461075,0.904,0.8847,0.0192999999999999,mlp_FashionMNIST_seed3_entropy_history.csv
9,mlp,FashionMNIST,3,42,relu1,2.0364885698194355,0.2410849551486969,0.314228303360939,0.91004,0.8857,0.0243399999999999,mlp_FashionMNIST_seed3_entropy_history.csv
9,mlp,FashionMNIST,3,42,relu2,2.6157803115325744,0.2410849551486969,0.314228303360939,0.91004,0.8857,0.0243399999999999,mlp_FashionMNIST_seed3_entropy_history.csv
10,mlp,FashionMNIST,3,42,relu1,1.927736464819075,0.2304081906032562,0.2899446237921714,0.91234,0.8939,0.01844,mlp_FashionMNIST_seed3_entropy_history.csv
10,mlp,FashionMNIST,3,42,relu2,2.5259700562690277,0.2304081906032562,0.2899446237921714,0.91234,0.8939,0.01844,mlp_FashionMNIST_seed3_entropy_history.csv
11,mlp,FashionMNIST,3,42,relu1,1.8392842829687517,0.2209350304985046,0.3261962211608886,0.91606,0.8838,0.0322599999999999,mlp_FashionMNIST_seed3_entropy_history.csv
11,mlp,FashionMNIST,3,42,relu2,2.516869310197528,0.2209350304985046,0.3261962211608886,0.91606,0.8838,0.0322599999999999,mlp_FashionMNIST_seed3_entropy_history.csv
12,mlp,FashionMNIST,3,42,relu1,1.9627008781194912,0.2090713132429122,0.2993078790426254,0.92164,0.894,0.0276399999999999,mlp_FashionMNIST_seed3_entropy_history.csv
12,mlp,FashionMNIST,3,42,relu2,2.599944397365257,0.2090713132429122,0.2993078790426254,0.92164,0.894,0.0276399999999999,mlp_FashionMNIST_seed3_entropy_history.csv
13,mlp,FashionMNIST,3,42,relu1,1.8235981075554355,0.1996005039238929,0.3105139341831207,0.92374,0.8928,0.0309399999999999,mlp_FashionMNIST_seed3_entropy_history.csv
13,mlp,FashionMNIST,3,42,relu2,2.44632402289205,0.1996005039238929,0.3105139341831207,0.92374,0.8928,0.0309399999999999,mlp_FashionMNIST_seed3_entropy_history.csv
14,mlp,FashionMNIST,3,42,relu1,1.8072697716462205,0.1933878431987762,0.3045114312887191,0.92688,0.8927,0.0341799999999999,mlp_FashionMNIST_seed3_entropy_history.csv
14,mlp,FashionMNIST,3,42,relu2,2.4761875192953537,0.1933878431987762,0.3045114312887191,0.92688,0.8927,0.0341799999999999,mlp_FashionMNIST_seed3_entropy_history.csv
15,mlp,FashionMNIST,3,42,relu1,1.8439643459870612,0.1826565087437629,0.2992931560277939,0.93114,0.8959,0.0352399999999999,mlp_FashionMNIST_seed3_entropy_history.csv
15,mlp,FashionMNIST,3,42,relu2,2.4284107606055607,0.1826565087437629,0.2992931560277939,0.93114,0.8959,0.0352399999999999,mlp_FashionMNIST_seed3_entropy_history.csv
16,mlp,FashionMNIST,3,42,relu1,1.856650485261912,0.1728967100381851,0.3189024730443954,0.93418,0.8938,0.0403799999999999,mlp_FashionMNIST_seed3_entropy_history.csv
16,mlp,FashionMNIST,3,42,relu2,2.515056676054967,0.1728967100381851,0.3189024730443954,0.93418,0.8938,0.0403799999999999,mlp_FashionMNIST_seed3_entropy_history.csv
17,mlp,FashionMNIST,3,42,relu1,1.761036414143899,0.1645901356434822,0.3238556448698044,0.93794,0.893,0.0449399999999999,mlp_FashionMNIST_seed3_entropy_history.csv
17,mlp,FashionMNIST,3,42,relu2,2.462209581630302,0.1645901356434822,0.3238556448698044,0.93794,0.893,0.0449399999999999,mlp_FashionMNIST_seed3_entropy_history.csv
18,mlp,FashionMNIST,3,42,relu1,1.7286172326276088,0.1598299076223373,0.3509675264835357,0.94052,0.8868,0.0537199999999999,mlp_FashionMNIST_seed3_entropy_history.csv
18,mlp,FashionMNIST,3,42,relu2,2.425979395780665,0.1598299076223373,0.3509675264835357,0.94052,0.8868,0.0537199999999999,mlp_FashionMNIST_seed3_entropy_history.csv
19,mlp,FashionMNIST,3,42,relu1,1.730671743513658,0.155572589495182,0.3422266151428222,0.94088,0.8895,0.05138,mlp_FashionMNIST_seed3_entropy_history.csv
19,mlp,FashionMNIST,3,42,relu2,2.4050632417016238,0.155572589495182,0.3422266151428222,0.94088,0.8895,0.05138,mlp_FashionMNIST_seed3_entropy_history.csv
20,mlp,FashionMNIST,3,42,relu1,1.7731344569115572,0.1477874609088897,0.355155356144905,0.94364,0.8875,0.05614,mlp_FashionMNIST_seed3_entropy_history.csv
20,mlp,FashionMNIST,3,42,relu2,2.4336743387994626,0.1477874609088897,0.355155356144905,0.94364,0.8875,0.05614,mlp_FashionMNIST_seed3_entropy_history.csv
21,mlp,FashionMNIST,3,42,relu1,1.748258410432107,0.1394825307750702,0.3503408146858215,0.94738,0.8912,0.05618,mlp_FashionMNIST_seed3_entropy_history.csv
21,mlp,FashionMNIST,3,42,relu2,2.4161633062778427,0.1394825307750702,0.3503408146858215,0.94738,0.8912,0.05618,mlp_FashionMNIST_seed3_entropy_history.csv
22,mlp,FashionMNIST,3,42,relu1,1.7432029943536236,0.1326046095323562,0.3481709251403808,0.9505,0.8939,0.0565999999999999,mlp_FashionMNIST_seed3_entropy_history.csv
22,mlp,FashionMNIST,3,42,relu2,2.410297863929633,0.1326046095323562,0.3481709251403808,0.9505,0.8939,0.0565999999999999,mlp_FashionMNIST_seed3_entropy_history.csv
23,mlp,FashionMNIST,3,42,relu1,1.7621188726692905,0.1252907573461532,0.3553790056705475,0.9525,0.8915,0.061,mlp_FashionMNIST_seed3_entropy_history.csv
23,mlp,FashionMNIST,3,42,relu2,2.381677532858824,0.1252907573461532,0.3553790056705475,0.9525,0.8915,0.061,mlp_FashionMNIST_seed3_entropy_history.csv
24,mlp,FashionMNIST,3,42,relu1,1.7169654698532577,0.1183966861724853,0.342762287735939,0.95596,0.8993,0.05666,mlp_FashionMNIST_seed3_entropy_history.csv
24,mlp,FashionMNIST,3,42,relu2,2.343285712845781,0.1183966861724853,0.342762287735939,0.95596,0.8993,0.05666,mlp_FashionMNIST_seed3_entropy_history.csv
25,mlp,FashionMNIST,3,42,relu1,1.6999562284637986,0.1174404653859138,0.3602058574199676,0.95582,0.8977,0.0581199999999999,mlp_FashionMNIST_seed3_entropy_history.csv
25,mlp,FashionMNIST,3,42,relu2,2.3060103742484888,0.1174404653859138,0.3602058574199676,0.95582,0.8977,0.0581199999999999,mlp_FashionMNIST_seed3_entropy_history.csv
26,mlp,FashionMNIST,3,42,relu1,1.6992521752492291,0.1119739516210556,0.3654926930189133,0.95848,0.8944,0.06408,mlp_FashionMNIST_seed3_entropy_history.csv
26,mlp,FashionMNIST,3,42,relu2,2.33578194977678,0.1119739516210556,0.3654926930189133,0.95848,0.8944,0.06408,mlp_FashionMNIST_seed3_entropy_history.csv
27,mlp,FashionMNIST,3,42,relu1,1.7226548950716067,0.1032144886398315,0.3832091401576996,0.96128,0.8945,0.06678,mlp_FashionMNIST_seed3_entropy_history.csv
27,mlp,FashionMNIST,3,42,relu2,2.420077496886228,0.1032144886398315,0.3832091401576996,0.96128,0.8945,0.06678,mlp_FashionMNIST_seed3_entropy_history.csv
28,mlp,FashionMNIST,3,42,relu1,1.7195835530038703,0.0998674389481544,0.3861512137413025,0.9624,0.8966,0.0658,mlp_FashionMNIST_seed3_entropy_history.csv
28,mlp,FashionMNIST,3,42,relu2,2.352739463549249,0.0998674389481544,0.3861512137413025,0.9624,0.8966,0.0658,mlp_FashionMNIST_seed3_entropy_history.csv
29,mlp,FashionMNIST,3,42,relu1,1.7166045184820664,0.0927738971114158,0.405389065003395,0.96518,0.8936,0.07158,mlp_FashionMNIST_seed3_entropy_history.csv
29,mlp,FashionMNIST,3,42,relu2,2.3697998653228485,0.0927738971114158,0.405389065003395,0.96518,0.8936,0.07158,mlp_FashionMNIST_seed3_entropy_history.csv
30,mlp,FashionMNIST,3,42,relu1,1.6736182921670328,0.0928478336477279,0.4285814694166183,0.96508,0.8855,0.0795800000000001,mlp_FashionMNIST_seed3_entropy_history.csv
30,mlp,FashionMNIST,3,42,relu2,2.3638938254255213,0.0928478336477279,0.4285814694166183,0.96508,0.8855,0.0795800000000001,mlp_FashionMNIST_seed3_entropy_history.csv
1,mlp,FashionMNIST,4,42,relu1,2.6303655336889413,0.5423464234161377,0.4220190598487854,0.80422,0.8389,-0.0346799999999999,mlp_FashionMNIST_seed4_entropy_history.csv
1,mlp,FashionMNIST,4,42,relu2,2.896585542696069,0.5423464234161377,0.4220190598487854,0.80422,0.8389,-0.0346799999999999,mlp_FashionMNIST_seed4_entropy_history.csv
2,mlp,FashionMNIST,4,42,relu1,2.3658689744263333,0.3854027752304077,0.3716760948181152,0.86006,0.8596,0.00046,mlp_FashionMNIST_seed4_entropy_history.csv
2,mlp,FashionMNIST,4,42,relu2,2.787865215445627,0.3854027752304077,0.3716760948181152,0.86006,0.8596,0.00046,mlp_FashionMNIST_seed4_entropy_history.csv
3,mlp,FashionMNIST,4,42,relu1,2.250163257723802,0.3446492149162292,0.3489803466558456,0.8732,0.8691,0.0040999999999999,mlp_FashionMNIST_seed4_entropy_history.csv
3,mlp,FashionMNIST,4,42,relu2,2.75666606723794,0.3446492149162292,0.3489803466558456,0.8732,0.8691,0.0040999999999999,mlp_FashionMNIST_seed4_entropy_history.csv
4,mlp,FashionMNIST,4,42,relu1,2.145488636297852,0.3168379808044433,0.3251343534469604,0.88356,0.8808,0.0027599999999999,mlp_FashionMNIST_seed4_entropy_history.csv
4,mlp,FashionMNIST,4,42,relu2,2.776019112243006,0.3168379808044433,0.3251343534469604,0.88356,0.8808,0.0027599999999999,mlp_FashionMNIST_seed4_entropy_history.csv
5,mlp,FashionMNIST,4,42,relu1,2.026307535927283,0.2965687565422058,0.3411128745794296,0.89104,0.8742,0.01684,mlp_FashionMNIST_seed4_entropy_history.csv
5,mlp,FashionMNIST,4,42,relu2,2.673846051750509,0.2965687565422058,0.3411128745794296,0.89104,0.8742,0.01684,mlp_FashionMNIST_seed4_entropy_history.csv
6,mlp,FashionMNIST,4,42,relu1,1.977897628086307,0.2825851447868347,0.3160334816217423,0.89436,0.8809,0.01346,mlp_FashionMNIST_seed4_entropy_history.csv
6,mlp,FashionMNIST,4,42,relu2,2.639404804480286,0.2825851447868347,0.3160334816217423,0.89436,0.8809,0.01346,mlp_FashionMNIST_seed4_entropy_history.csv
7,mlp,FashionMNIST,4,42,relu1,1.9811196913790232,0.2658235772037506,0.3257475476264954,0.90036,0.8791,0.02126,mlp_FashionMNIST_seed4_entropy_history.csv
7,mlp,FashionMNIST,4,42,relu2,2.748961762110777,0.2658235772037506,0.3257475476264954,0.90036,0.8791,0.02126,mlp_FashionMNIST_seed4_entropy_history.csv
8,mlp,FashionMNIST,4,42,relu1,1.858916604379792,0.2510089584445953,0.302454797744751,0.90596,0.8862,0.01976,mlp_FashionMNIST_seed4_entropy_history.csv
8,mlp,FashionMNIST,4,42,relu2,2.588082319280273,0.2510089584445953,0.302454797744751,0.90596,0.8862,0.01976,mlp_FashionMNIST_seed4_entropy_history.csv
9,mlp,FashionMNIST,4,42,relu1,1.806783545174074,0.2357501937103271,0.2987935487031937,0.91306,0.8939,0.0191599999999999,mlp_FashionMNIST_seed4_entropy_history.csv
9,mlp,FashionMNIST,4,42,relu2,2.584829535411368,0.2357501937103271,0.2987935487031937,0.91306,0.8939,0.0191599999999999,mlp_FashionMNIST_seed4_entropy_history.csv
10,mlp,FashionMNIST,4,42,relu1,1.784613375707628,0.2287166771888732,0.3288608484029769,0.91398,0.8844,0.02958,mlp_FashionMNIST_seed4_entropy_history.csv
10,mlp,FashionMNIST,4,42,relu2,2.5732722779870527,0.2287166771888732,0.3288608484029769,0.91398,0.8844,0.02958,mlp_FashionMNIST_seed4_entropy_history.csv
11,mlp,FashionMNIST,4,42,relu1,1.7961507939283408,0.2172987218618393,0.3064331064224243,0.92014,0.8898,0.0303399999999999,mlp_FashionMNIST_seed4_entropy_history.csv
11,mlp,FashionMNIST,4,42,relu2,2.5136460969520864,0.2172987218618393,0.3064331064224243,0.92014,0.8898,0.0303399999999999,mlp_FashionMNIST_seed4_entropy_history.csv
12,mlp,FashionMNIST,4,42,relu1,1.7171303018522204,0.20837412484169,0.3179605115413665,0.92202,0.8858,0.0362199999999999,mlp_FashionMNIST_seed4_entropy_history.csv
12,mlp,FashionMNIST,4,42,relu2,2.5312156485456985,0.20837412484169,0.3179605115413665,0.92202,0.8858,0.0362199999999999,mlp_FashionMNIST_seed4_entropy_history.csv
13,mlp,FashionMNIST,4,42,relu1,1.6999096301855037,0.1983334695243835,0.3411772846937179,0.9257,0.8823,0.0433999999999999,mlp_FashionMNIST_seed4_entropy_history.csv
13,mlp,FashionMNIST,4,42,relu2,2.485447178665564,0.1983334695243835,0.3411772846937179,0.9257,0.8823,0.0433999999999999,mlp_FashionMNIST_seed4_entropy_history.csv
14,mlp,FashionMNIST,4,42,relu1,1.7728649056086372,0.186457706489563,0.3524868620634079,0.93044,0.8848,0.04564,mlp_FashionMNIST_seed4_entropy_history.csv
14,mlp,FashionMNIST,4,42,relu2,2.615451373811823,0.186457706489563,0.3524868620634079,0.93044,0.8848,0.04564,mlp_FashionMNIST_seed4_entropy_history.csv
15,mlp,FashionMNIST,4,42,relu1,1.708591548921172,0.1798443822956085,0.3115130649328231,0.93268,0.8954,0.0372799999999999,mlp_FashionMNIST_seed4_entropy_history.csv
15,mlp,FashionMNIST,4,42,relu2,2.563418713176958,0.1798443822956085,0.3115130649328231,0.93268,0.8954,0.0372799999999999,mlp_FashionMNIST_seed4_entropy_history.csv
16,mlp,FashionMNIST,4,42,relu1,1.637365027876291,0.1777317714262008,0.3262343148946762,0.93332,0.8919,0.04142,mlp_FashionMNIST_seed4_entropy_history.csv
16,mlp,FashionMNIST,4,42,relu2,2.473312281199677,0.1777317714262008,0.3262343148946762,0.93332,0.8919,0.04142,mlp_FashionMNIST_seed4_entropy_history.csv
17,mlp,FashionMNIST,4,42,relu1,1.6806786864533796,0.1654000843381881,0.3292516765475273,0.93776,0.8948,0.04296,mlp_FashionMNIST_seed4_entropy_history.csv
17,mlp,FashionMNIST,4,42,relu2,2.4372823550916807,0.1654000843381881,0.3292516765475273,0.93776,0.8948,0.04296,mlp_FashionMNIST_seed4_entropy_history.csv
18,mlp,FashionMNIST,4,42,relu1,1.6647652257013403,0.1554661455345153,0.3460385998368263,0.94208,0.8944,0.04768,mlp_FashionMNIST_seed4_entropy_history.csv
18,mlp,FashionMNIST,4,42,relu2,2.5664621752906505,0.1554661455345153,0.3460385998368263,0.94208,0.8944,0.04768,mlp_FashionMNIST_seed4_entropy_history.csv
19,mlp,FashionMNIST,4,42,relu1,1.636403373468036,0.1518061137294769,0.3385966787755489,0.9428,0.8948,0.0479999999999999,mlp_FashionMNIST_seed4_entropy_history.csv
19,mlp,FashionMNIST,4,42,relu2,2.493902213956088,0.1518061137294769,0.3385966787755489,0.9428,0.8948,0.0479999999999999,mlp_FashionMNIST_seed4_entropy_history.csv
20,mlp,FashionMNIST,4,42,relu1,1.625425767070414,0.1439087437033653,0.3516408451795578,0.94574,0.886,0.05974,mlp_FashionMNIST_seed4_entropy_history.csv
20,mlp,FashionMNIST,4,42,relu2,2.4600692047401607,0.1439087437033653,0.3516408451795578,0.94574,0.886,0.05974,mlp_FashionMNIST_seed4_entropy_history.csv
21,mlp,FashionMNIST,4,42,relu1,1.6085771162833633,0.1361332730960845,0.3489967654943466,0.94874,0.8942,0.05454,mlp_FashionMNIST_seed4_entropy_history.csv
21,mlp,FashionMNIST,4,42,relu2,2.501607081563603,0.1361332730960845,0.3489967654943466,0.94874,0.8942,0.05454,mlp_FashionMNIST_seed4_entropy_history.csv
22,mlp,FashionMNIST,4,42,relu1,1.6371674972249508,0.1294063470578193,0.3765208951592445,0.95132,0.8931,0.05822,mlp_FashionMNIST_seed4_entropy_history.csv
22,mlp,FashionMNIST,4,42,relu2,2.550603604789412,0.1294063470578193,0.3765208951592445,0.95132,0.8931,0.05822,mlp_FashionMNIST_seed4_entropy_history.csv
23,mlp,FashionMNIST,4,42,relu1,1.6283359357986238,0.122755350279808,0.4281662314653396,0.95338,0.8823,0.07108,mlp_FashionMNIST_seed4_entropy_history.csv
23,mlp,FashionMNIST,4,42,relu2,2.541392448112223,0.122755350279808,0.4281662314653396,0.95338,0.8823,0.07108,mlp_FashionMNIST_seed4_entropy_history.csv
24,mlp,FashionMNIST,4,42,relu1,1.6058634053960177,0.1191824384880066,0.3798327727198601,0.95472,0.8936,0.06112,mlp_FashionMNIST_seed4_entropy_history.csv
24,mlp,FashionMNIST,4,42,relu2,2.512024875511933,0.1191824384880066,0.3798327727198601,0.95472,0.8936,0.06112,mlp_FashionMNIST_seed4_entropy_history.csv
25,mlp,FashionMNIST,4,42,relu1,1.6263702188311833,0.1124538813376426,0.3997934787988663,0.95722,0.8935,0.06372,mlp_FashionMNIST_seed4_entropy_history.csv
25,mlp,FashionMNIST,4,42,relu2,2.483812522676258,0.1124538813376426,0.3997934787988663,0.95722,0.8935,0.06372,mlp_FashionMNIST_seed4_entropy_history.csv
26,mlp,FashionMNIST,4,42,relu1,1.576650852475534,0.1103610847282409,0.3761494753241539,0.95786,0.895,0.06286,mlp_FashionMNIST_seed4_entropy_history.csv
26,mlp,FashionMNIST,4,42,relu2,2.48420512808699,0.1103610847282409,0.3761494753241539,0.95786,0.895,0.06286,mlp_FashionMNIST_seed4_entropy_history.csv
27,mlp,FashionMNIST,4,42,relu1,1.5900238596220686,0.1015643001413345,0.4076141870975494,0.96058,0.8926,0.06798,mlp_FashionMNIST_seed4_entropy_history.csv
27,mlp,FashionMNIST,4,42,relu2,2.4586037752950074,0.1015643001413345,0.4076141870975494,0.96058,0.8926,0.06798,mlp_FashionMNIST_seed4_entropy_history.csv
28,mlp,FashionMNIST,4,42,relu1,1.549387739245215,0.0983996505022049,0.4183630913734436,0.96268,0.893,0.0696799999999999,mlp_FashionMNIST_seed4_entropy_history.csv
28,mlp,FashionMNIST,4,42,relu2,2.4699104855002614,0.0983996505022049,0.4183630913734436,0.96268,0.893,0.0696799999999999,mlp_FashionMNIST_seed4_entropy_history.csv
29,mlp,FashionMNIST,4,42,relu1,1.563926110327507,0.1031174119257927,0.4486360734224319,0.96072,0.8892,0.07152,mlp_FashionMNIST_seed4_entropy_history.csv
29,mlp,FashionMNIST,4,42,relu2,2.466696981614967,0.1031174119257927,0.4486360734224319,0.96072,0.8892,0.07152,mlp_FashionMNIST_seed4_entropy_history.csv
30,mlp,FashionMNIST,4,42,relu1,1.57855582354864,0.0903022929620742,0.4416025295257568,0.9658,0.8914,0.0744,mlp_FashionMNIST_seed4_entropy_history.csv
30,mlp,FashionMNIST,4,42,relu2,2.4454021904515053,0.0903022929620742,0.4416025295257568,0.9658,0.8914,0.0744,mlp_FashionMNIST_seed4_entropy_history.csv
1,mlp,FashionMNIST,5,42,relu1,2.677855242692315,0.5390776073455811,0.4125013335227966,0.80676,0.8513,-0.0445399999999999,mlp_FashionMNIST_seed5_entropy_history.csv
1,mlp,FashionMNIST,5,42,relu2,2.899041536392906,0.5390776073455811,0.4125013335227966,0.80676,0.8513,-0.0445399999999999,mlp_FashionMNIST_seed5_entropy_history.csv
2,mlp,FashionMNIST,5,42,relu1,2.352799633709566,0.3910174162769317,0.3812623488426208,0.85698,0.8574,-0.00042,mlp_FashionMNIST_seed5_entropy_history.csv
2,mlp,FashionMNIST,5,42,relu2,2.6507854850572534,0.3910174162769317,0.3812623488426208,0.85698,0.8574,-0.00042,mlp_FashionMNIST_seed5_entropy_history.csv
3,mlp,FashionMNIST,5,42,relu1,2.267494742773812,0.3428064105033874,0.3435507581710815,0.87392,0.8711,0.00282,mlp_FashionMNIST_seed5_entropy_history.csv
3,mlp,FashionMNIST,5,42,relu2,2.715202389409709,0.3428064105033874,0.3435507581710815,0.87392,0.8711,0.00282,mlp_FashionMNIST_seed5_entropy_history.csv
4,mlp,FashionMNIST,5,42,relu1,2.214614747221673,0.3213685444068909,0.3391178740024567,0.88178,0.875,0.00678,mlp_FashionMNIST_seed5_entropy_history.csv
4,mlp,FashionMNIST,5,42,relu2,2.63309434446626,0.3213685444068909,0.3391178740024567,0.88178,0.875,0.00678,mlp_FashionMNIST_seed5_entropy_history.csv
5,mlp,FashionMNIST,5,42,relu1,2.14547436913261,0.2962927863407135,0.3346738640785217,0.88968,0.8756,0.0140799999999999,mlp_FashionMNIST_seed5_entropy_history.csv
5,mlp,FashionMNIST,5,42,relu2,2.6833369114833845,0.2962927863407135,0.3346738640785217,0.88968,0.8756,0.0140799999999999,mlp_FashionMNIST_seed5_entropy_history.csv
6,mlp,FashionMNIST,5,42,relu1,2.070576823262467,0.2782505335330963,0.3327804817438126,0.89714,0.8748,0.02234,mlp_FashionMNIST_seed5_entropy_history.csv
6,mlp,FashionMNIST,5,42,relu2,2.669367232528705,0.2782505335330963,0.3327804817438126,0.89714,0.8748,0.02234,mlp_FashionMNIST_seed5_entropy_history.csv
7,mlp,FashionMNIST,5,42,relu1,1.8906834469352527,0.268229997472763,0.3028438163757324,0.90082,0.8874,0.0134199999999999,mlp_FashionMNIST_seed5_entropy_history.csv
7,mlp,FashionMNIST,5,42,relu2,2.5133068950689954,0.268229997472763,0.3028438163757324,0.90082,0.8874,0.0134199999999999,mlp_FashionMNIST_seed5_entropy_history.csv
8,mlp,FashionMNIST,5,42,relu1,1.916000885845273,0.2520782411289215,0.321854350066185,0.90658,0.8804,0.02618,mlp_FashionMNIST_seed5_entropy_history.csv
8,mlp,FashionMNIST,5,42,relu2,2.54820119360382,0.2520782411289215,0.321854350066185,0.90658,0.8804,0.02618,mlp_FashionMNIST_seed5_entropy_history.csv
9,mlp,FashionMNIST,5,42,relu1,1.9287830806449044,0.2396737159061432,0.3059010237455368,0.90968,0.885,0.02468,mlp_FashionMNIST_seed5_entropy_history.csv
9,mlp,FashionMNIST,5,42,relu2,2.555298394683198,0.2396737159061432,0.3059010237455368,0.90968,0.885,0.02468,mlp_FashionMNIST_seed5_entropy_history.csv
10,mlp,FashionMNIST,5,42,relu1,1.9370673494004127,0.2323927432727813,0.3103662630677223,0.91324,0.8888,0.02444,mlp_FashionMNIST_seed5_entropy_history.csv
10,mlp,FashionMNIST,5,42,relu2,2.5299261267248783,0.2323927432727813,0.3103662630677223,0.91324,0.8888,0.02444,mlp_FashionMNIST_seed5_entropy_history.csv
11,mlp,FashionMNIST,5,42,relu1,1.8679128192115604,0.2180160352897644,0.308217206120491,0.91898,0.8894,0.02958,mlp_FashionMNIST_seed5_entropy_history.csv
11,mlp,FashionMNIST,5,42,relu2,2.547674032820699,0.2180160352897644,0.308217206120491,0.91898,0.8894,0.02958,mlp_FashionMNIST_seed5_entropy_history.csv
12,mlp,FashionMNIST,5,42,relu1,1.8636964721726403,0.2109129464912414,0.3026869434595108,0.91914,0.8898,0.0293399999999999,mlp_FashionMNIST_seed5_entropy_history.csv
12,mlp,FashionMNIST,5,42,relu2,2.475287023406097,0.2109129464912414,0.3026869434595108,0.91914,0.8898,0.0293399999999999,mlp_FashionMNIST_seed5_entropy_history.csv
13,mlp,FashionMNIST,5,42,relu1,1.806164874979824,0.1976370124387741,0.3160174641370773,0.92528,0.8874,0.03788,mlp_FashionMNIST_seed5_entropy_history.csv
13,mlp,FashionMNIST,5,42,relu2,2.5274159708127373,0.1976370124387741,0.3160174641370773,0.92528,0.8874,0.03788,mlp_FashionMNIST_seed5_entropy_history.csv
14,mlp,FashionMNIST,5,42,relu1,1.7793237777069657,0.1900109831249714,0.3032439513921737,0.92864,0.8923,0.03634,mlp_FashionMNIST_seed5_entropy_history.csv
14,mlp,FashionMNIST,5,42,relu2,2.4673361212166767,0.1900109831249714,0.3032439513921737,0.92864,0.8923,0.03634,mlp_FashionMNIST_seed5_entropy_history.csv
15,mlp,FashionMNIST,5,42,relu1,1.7720963791915032,0.1860648526382446,0.3291119889736175,0.9301,0.8873,0.0428,mlp_FashionMNIST_seed5_entropy_history.csv
15,mlp,FashionMNIST,5,42,relu2,2.4051611850603667,0.1860648526382446,0.3291119889736175,0.9301,0.8873,0.0428,mlp_FashionMNIST_seed5_entropy_history.csv
16,mlp,FashionMNIST,5,42,relu1,1.7683227838559863,0.1779283158969879,0.3362942464947701,0.93308,0.8871,0.04598,mlp_FashionMNIST_seed5_entropy_history.csv
16,mlp,FashionMNIST,5,42,relu2,2.4713957729831697,0.1779283158969879,0.3362942464947701,0.93308,0.8871,0.04598,mlp_FashionMNIST_seed5_entropy_history.csv
17,mlp,FashionMNIST,5,42,relu1,1.7837118570727744,0.169409021475315,0.3257651521444321,0.93644,0.8912,0.04524,mlp_FashionMNIST_seed5_entropy_history.csv
17,mlp,FashionMNIST,5,42,relu2,2.478210463911047,0.169409021475315,0.3257651521444321,0.93644,0.8912,0.04524,mlp_FashionMNIST_seed5_entropy_history.csv
18,mlp,FashionMNIST,5,42,relu1,1.6711100123372262,0.1607729163050651,0.3223257277727127,0.93904,0.8929,0.0461399999999999,mlp_FashionMNIST_seed5_entropy_history.csv
18,mlp,FashionMNIST,5,42,relu2,2.426117288450832,0.1607729163050651,0.3223257277727127,0.93904,0.8929,0.0461399999999999,mlp_FashionMNIST_seed5_entropy_history.csv
19,mlp,FashionMNIST,5,42,relu1,1.6981106798434735,0.1552389882707595,0.3384674223899841,0.94242,0.8852,0.05722,mlp_FashionMNIST_seed5_entropy_history.csv
19,mlp,FashionMNIST,5,42,relu2,2.387932636644067,0.1552389882707595,0.3384674223899841,0.94242,0.8852,0.05722,mlp_FashionMNIST_seed5_entropy_history.csv
20,mlp,FashionMNIST,5,42,relu1,1.7119736940344248,0.1484400442171096,0.341953370809555,0.94456,0.8906,0.05396,mlp_FashionMNIST_seed5_entropy_history.csv
20,mlp,FashionMNIST,5,42,relu2,2.424637751377485,0.1484400442171096,0.341953370809555,0.94456,0.8906,0.05396,mlp_FashionMNIST_seed5_entropy_history.csv
21,mlp,FashionMNIST,5,42,relu1,1.6976081035514128,0.1391188028097152,0.3512399742841721,0.94738,0.8898,0.0575799999999999,mlp_FashionMNIST_seed5_entropy_history.csv
21,mlp,FashionMNIST,5,42,relu2,2.3734562430571207,0.1391188028097152,0.3512399742841721,0.94738,0.8898,0.0575799999999999,mlp_FashionMNIST_seed5_entropy_history.csv
22,mlp,FashionMNIST,5,42,relu1,1.690400221041608,0.1370010460090637,0.366037327247858,0.94816,0.8923,0.05586,mlp_FashionMNIST_seed5_entropy_history.csv
22,mlp,FashionMNIST,5,42,relu2,2.460757160155423,0.1370010460090637,0.366037327247858,0.94816,0.8923,0.05586,mlp_FashionMNIST_seed5_entropy_history.csv
23,mlp,FashionMNIST,5,42,relu1,1.715801354861758,0.1278380471038818,0.3551916101813316,0.95122,0.8919,0.0593199999999999,mlp_FashionMNIST_seed5_entropy_history.csv
23,mlp,FashionMNIST,5,42,relu2,2.406422412538672,0.1278380471038818,0.3551916101813316,0.95122,0.8919,0.0593199999999999,mlp_FashionMNIST_seed5_entropy_history.csv
24,mlp,FashionMNIST,5,42,relu1,1.6957554536407693,0.1191057398295402,0.3931818526744842,0.95472,0.889,0.06572,mlp_FashionMNIST_seed5_entropy_history.csv
24,mlp,FashionMNIST,5,42,relu2,2.4519064506802306,0.1191057398295402,0.3931818526744842,0.95472,0.889,0.06572,mlp_FashionMNIST_seed5_entropy_history.csv
25,mlp,FashionMNIST,5,42,relu1,1.684961282383927,0.1195132812094688,0.3751344561338424,0.9547,0.892,0.0626999999999999,mlp_FashionMNIST_seed5_entropy_history.csv
25,mlp,FashionMNIST,5,42,relu2,2.373727918090964,0.1195132812094688,0.3751344561338424,0.9547,0.892,0.0626999999999999,mlp_FashionMNIST_seed5_entropy_history.csv
26,mlp,FashionMNIST,5,42,relu1,1.662021835735708,0.1177764814853668,0.3665359453916549,0.95598,0.8935,0.06248,mlp_FashionMNIST_seed5_entropy_history.csv
26,mlp,FashionMNIST,5,42,relu2,2.4009523010243083,0.1177764814853668,0.3665359453916549,0.95598,0.8935,0.06248,mlp_FashionMNIST_seed5_entropy_history.csv
27,mlp,FashionMNIST,5,42,relu1,1.667857975654962,0.1047558457303047,0.3780679180383682,0.96092,0.8965,0.06442,mlp_FashionMNIST_seed5_entropy_history.csv
27,mlp,FashionMNIST,5,42,relu2,2.3940813017690363,0.1047558457303047,0.3780679180383682,0.96092,0.8965,0.06442,mlp_FashionMNIST_seed5_entropy_history.csv
28,mlp,FashionMNIST,5,42,relu1,1.6831735879123555,0.1067166805791854,0.3799935177087783,0.95986,0.8962,0.06366,mlp_FashionMNIST_seed5_entropy_history.csv
28,mlp,FashionMNIST,5,42,relu2,2.3909453221989656,0.1067166805791854,0.3799935177087783,0.95986,0.8962,0.06366,mlp_FashionMNIST_seed5_entropy_history.csv
29,mlp,FashionMNIST,5,42,relu1,1.7054222267569965,0.098060574080944,0.4154809454798698,0.96324,0.8931,0.0701399999999999,mlp_FashionMNIST_seed5_entropy_history.csv
29,mlp,FashionMNIST,5,42,relu2,2.405382326609265,0.098060574080944,0.4154809454798698,0.96324,0.8931,0.0701399999999999,mlp_FashionMNIST_seed5_entropy_history.csv
30,mlp,FashionMNIST,5,42,relu1,1.7095116024375332,0.0943399614667892,0.4182107840657234,0.96482,0.8899,0.0749199999999999,mlp_FashionMNIST_seed5_entropy_history.csv
30,mlp,FashionMNIST,5,42,relu2,2.29674832977765,0.0943399614667892,0.4182107840657234,0.96482,0.8899,0.0749199999999999,mlp_FashionMNIST_seed5_entropy_history.csv
